Any;Trimestre;Codi_Districte;Nom_Districte;Codi_Barri;Nom_Barri;Preu_mitja_habitatge;Valor
2022;1;1;Ciutat Vella;1;el Raval;Total. Milers d'euros;226.1
2022;1;1;Ciutat Vella;2;el Barri Gòtic;Total. Milers d'euros;453.0
2022;1;1;Ciutat Vella;3;la Barceloneta;Total. Milers d'euros;215.4
2022;1;1;Ciutat Vella;4;Sant Pere, Santa Caterina i la Ribera;Total. Milers d'euros;353.3
2022;1;2;Eixample;5;el Fort Pienc;Total. Milers d'euros;340.0
2022;1;2;Eixample;6;la Sagrada Família;Total. Milers d'euros;301.0
2022;1;2;Eixample;7;la Dreta de l'Eixample;Total. Milers d'euros;755.8
2022;1;2;Eixample;8;l'Antiga Esquerra de l'Eixample;Total. Milers d'euros;470.3
2022;1;2;Eixample;9;la Nova Esquerra de l'Eixample;Total. Milers d'euros;328.1
2022;1;2;Eixample;10;Sant Antoni;Total. Milers d'euros;370.6
2022;1;3;Sants-Montjuïc;11;el Poble Sec;Total. Milers d'euros;253.1
2022;1;3;Sants-Montjuïc;12;la Marina del Prat Vermell;Total. Milers d'euros;--
2022;1;3;Sants-Montjuïc;13;la Marina de Port;Total. Milers d'euros;228.6
2022;1;3;Sants-Montjuïc;14;la Font de la Guatlla;Total. Milers d'euros;237.8
2022;1;3;Sants-Montjuïc;15;Hostafrancs;Total. Milers d'euros;250.7
2022;1;3;Sants-Montjuïc;16;la Bordeta;Total. Milers d'euros;211.6
2022;1;3;Sants-Montjuïc;17;Sants - Badal;Total. Milers d'euros;245.0
2022;1;3;Sants-Montjuïc;18;Sants;Total. Milers d'euros;264.0
2022;1;4;Les Corts;19;les Corts;Total. Milers d'euros;459.5
2022;1;4;Les Corts;20;la Maternitat i Sant Ramon;Total. Milers d'euros;346.7
2022;1;4;Les Corts;21;Pedralbes;Total. Milers d'euros;783.2
2022;1;5;Sarrià-Sant Gervasi;22;Vallvidrera, el Tibidabo i les Planes;Total. Milers d'euros;353.8
2022;1;5;Sarrià-Sant Gervasi;23;Sarrià;Total. Milers d'euros;736.5
2022;1;5;Sarrià-Sant Gervasi;24;les Tres Torres;Total. Milers d'euros;896.7
2022;1;5;Sarrià-Sant Gervasi;25;Sant Gervasi - la Bonanova;Total. Milers d'euros;706.1
2022;1;5;Sarrià-Sant Gervasi;26;Sant Gervasi - Galvany;Total. Milers d'euros;732.7
2022;1;5;Sarrià-Sant Gervasi;27;el Putxet i el Farró;Total. Milers d'euros;511.8
2022;1;6;Gràcia;28;Vallcarca i els Penitents;Total. Milers d'euros;297.6
2022;1;6;Gràcia;29;el Coll;Total. Milers d'euros;212.5
2022;1;6;Gràcia;30;la Salut;Total. Milers d'euros;281.0
2022;1;6;Gràcia;31;la Vila de Gràcia;Total. Milers d'euros;388.5
2022;1;6;Gràcia;32;el Camp d'en Grassot i Gràcia Nova;Total. Milers d'euros;330.3
2022;1;7;Horta-Guinardó;33;el Baix Guinardó;Total. Milers d'euros;279.9
2022;1;7;Horta-Guinardó;34;Can Baró;Total. Milers d'euros;234.2
2022;1;7;Horta-Guinardó;35;el Guinardó;Total. Milers d'euros;276.3
2022;1;7;Horta-Guinardó;36;la Font d'en Fargues;Total. Milers d'euros;301.4
2022;1;7;Horta-Guinardó;37;el Carmel;Total. Milers d'euros;149.5
2022;1;7;Horta-Guinardó;38;la Teixonera;Total. Milers d'euros;252.5
2022;1;7;Horta-Guinardó;39;Sant Genís dels Agudells;Total. Milers d'euros;153.1
2022;1;7;Horta-Guinardó;40;Montbau;Total. Milers d'euros;166.2
2022;1;7;Horta-Guinardó;41;la Vall d'Hebron;Total. Milers d'euros;268.0
2022;1;7;Horta-Guinardó;42;la Clota;Total. Milers d'euros;--
2022;1;7;Horta-Guinardó;43;Horta;Total. Milers d'euros;237.6
2022;1;8;Nou Barris;44;Vilapicina i la Torre Llobeta;Total. Milers d'euros;206.3
2022;1;8;Nou Barris;45;Porta;Total. Milers d'euros;235.6
2022;1;8;Nou Barris;46;el Turó de la Peira;Total. Milers d'euros;126.3
2022;1;8;Nou Barris;47;Can Peguera;Total. Milers d'euros;--
2022;1;8;Nou Barris;48;la Guineueta;Total. Milers d'euros;225.6
2022;1;8;Nou Barris;49;Canyelles;Total. Milers d'euros;188.8
2022;1;8;Nou Barris;50;les Roquetes;Total. Milers d'euros;127.6
2022;1;8;Nou Barris;51;Verdun;Total. Milers d'euros;162.3
2022;1;8;Nou Barris;52;la Prosperitat;Total. Milers d'euros;164.4
2022;1;8;Nou Barris;53;la Trinitat Nova;Total. Milers d'euros;83.4
2022;1;8;Nou Barris;54;Torre Baró;Total. Milers d'euros;--
2022;1;8;Nou Barris;55;Ciutat Meridiana;Total. Milers d'euros;94.1
2022;1;8;Nou Barris;56;Vallbona;Total. Milers d'euros;--
2022;1;9;Sant Andreu;57;la Trinitat Vella;Total. Milers d'euros;108.3
2022;1;9;Sant Andreu;58;Baró de Viver;Total. Milers d'euros;--
2022;1;9;Sant Andreu;59;el Bon Pastor;Total. Milers d'euros;173.6
2022;1;9;Sant Andreu;60;Sant Andreu;Total. Milers d'euros;279.0
2022;1;9;Sant Andreu;61;la Sagrera;Total. Milers d'euros;249.5
2022;1;9;Sant Andreu;62;el Congrés i els Indians;Total. Milers d'euros;315.2
2022;1;9;Sant Andreu;63;Navas;Total. Milers d'euros;269.2
2022;1;10;Sant Martí;64;el Camp de l'Arpa del Clot;Total. Milers d'euros;235.5
2022;1;10;Sant Martí;65;el Clot;Total. Milers d'euros;427.6
2022;1;10;Sant Martí;66;el Parc i la Llacuna del Poblenou;Total. Milers d'euros;549.1
2022;1;10;Sant Martí;67;la Vila Olímpica del Poblenou;Total. Milers d'euros;455.2
2022;1;10;Sant Martí;68;el Poblenou;Total. Milers d'euros;416.1
2022;1;10;Sant Martí;69;Diagonal Mar i el Front Marítim del Poblenou;Total. Milers d'euros;637.7
2022;1;10;Sant Martí;70;el Besòs i el Maresme;Total. Milers d'euros;256.3
2022;1;10;Sant Martí;71;Provençals del Poblenou;Total. Milers d'euros;247.6
2022;1;10;Sant Martí;72;Sant Martí de Provençals;Total. Milers d'euros;202.9
2022;1;10;Sant Martí;73;la Verneda i la Pau;Total. Milers d'euros;160.7
2022;1;1;Ciutat Vella;1;el Raval;Nou. Milers d'euros;--
2022;1;1;Ciutat Vella;2;el Barri Gòtic;Nou. Milers d'euros;1391.7
2022;1;1;Ciutat Vella;3;la Barceloneta;Nou. Milers d'euros;154.2
2022;1;1;Ciutat Vella;4;Sant Pere, Santa Caterina i la Ribera;Nou. Milers d'euros;312.0
2022;1;2;Eixample;5;el Fort Pienc;Nou. Milers d'euros;414.8
2022;1;2;Eixample;6;la Sagrada Família;Nou. Milers d'euros;--
2022;1;2;Eixample;7;la Dreta de l'Eixample;Nou. Milers d'euros;899.8
2022;1;2;Eixample;8;l'Antiga Esquerra de l'Eixample;Nou. Milers d'euros;508.9
2022;1;2;Eixample;9;la Nova Esquerra de l'Eixample;Nou. Milers d'euros;305.3
2022;1;2;Eixample;10;Sant Antoni;Nou. Milers d'euros;344.0
2022;1;3;Sants-Montjuïc;11;el Poble Sec;Nou. Milers d'euros;--
2022;1;3;Sants-Montjuïc;12;la Marina del Prat Vermell;Nou. Milers d'euros;--
2022;1;3;Sants-Montjuïc;13;la Marina de Port;Nou. Milers d'euros;--
2022;1;3;Sants-Montjuïc;14;la Font de la Guatlla;Nou. Milers d'euros;195.4
2022;1;3;Sants-Montjuïc;15;Hostafrancs;Nou. Milers d'euros;265.5
2022;1;3;Sants-Montjuïc;16;la Bordeta;Nou. Milers d'euros;--
2022;1;3;Sants-Montjuïc;17;Sants - Badal;Nou. Milers d'euros;204.8
2022;1;3;Sants-Montjuïc;18;Sants;Nou. Milers d'euros;216.7
2022;1;4;Les Corts;19;les Corts;Nou. Milers d'euros;605.9
2022;1;4;Les Corts;20;la Maternitat i Sant Ramon;Nou. Milers d'euros;--
2022;1;4;Les Corts;21;Pedralbes;Nou. Milers d'euros;356.6
2022;1;5;Sarrià-Sant Gervasi;22;Vallvidrera, el Tibidabo i les Planes;Nou. Milers d'euros;--
2022;1;5;Sarrià-Sant Gervasi;23;Sarrià;Nou. Milers d'euros;587.0
2022;1;5;Sarrià-Sant Gervasi;24;les Tres Torres;Nou. Milers d'euros;--
2022;1;5;Sarrià-Sant Gervasi;25;Sant Gervasi - la Bonanova;Nou. Milers d'euros;541.4
2022;1;5;Sarrià-Sant Gervasi;26;Sant Gervasi - Galvany;Nou. Milers d'euros;823.4
2022;1;5;Sarrià-Sant Gervasi;27;el Putxet i el Farró;Nou. Milers d'euros;669.3
2022;1;6;Gràcia;28;Vallcarca i els Penitents;Nou. Milers d'euros;291.3
2022;1;6;Gràcia;29;el Coll;Nou. Milers d'euros;245.3
2022;1;6;Gràcia;30;la Salut;Nou. Milers d'euros;--
2022;1;6;Gràcia;31;la Vila de Gràcia;Nou. Milers d'euros;--
2022;1;6;Gràcia;32;el Camp d'en Grassot i Gràcia Nova;Nou. Milers d'euros;--
2022;1;7;Horta-Guinardó;33;el Baix Guinardó;Nou. Milers d'euros;--
2022;1;7;Horta-Guinardó;34;Can Baró;Nou. Milers d'euros;--
2022;1;7;Horta-Guinardó;35;el Guinardó;Nou. Milers d'euros;454.8
2022;1;7;Horta-Guinardó;36;la Font d'en Fargues;Nou. Milers d'euros;364.7
2022;1;7;Horta-Guinardó;37;el Carmel;Nou. Milers d'euros;150.6
2022;1;7;Horta-Guinardó;38;la Teixonera;Nou. Milers d'euros;193.1
2022;1;7;Horta-Guinardó;39;Sant Genís dels Agudells;Nou. Milers d'euros;--
2022;1;7;Horta-Guinardó;40;Montbau;Nou. Milers d'euros;--
2022;1;7;Horta-Guinardó;41;la Vall d'Hebron;Nou. Milers d'euros;--
2022;1;7;Horta-Guinardó;42;la Clota;Nou. Milers d'euros;--
2022;1;7;Horta-Guinardó;43;Horta;Nou. Milers d'euros;245.1
2022;1;8;Nou Barris;44;Vilapicina i la Torre Llobeta;Nou. Milers d'euros;--
2022;1;8;Nou Barris;45;Porta;Nou. Milers d'euros;--
2022;1;8;Nou Barris;46;el Turó de la Peira;Nou. Milers d'euros;--
2022;1;8;Nou Barris;47;Can Peguera;Nou. Milers d'euros;--
2022;1;8;Nou Barris;48;la Guineueta;Nou. Milers d'euros;--
2022;1;8;Nou Barris;49;Canyelles;Nou. Milers d'euros;--
2022;1;8;Nou Barris;50;les Roquetes;Nou. Milers d'euros;--
2022;1;8;Nou Barris;51;Verdun;Nou. Milers d'euros;--
2022;1;8;Nou Barris;52;la Prosperitat;Nou. Milers d'euros;--
2022;1;8;Nou Barris;53;la Trinitat Nova;Nou. Milers d'euros;--
2022;1;8;Nou Barris;54;Torre Baró;Nou. Milers d'euros;--
2022;1;8;Nou Barris;55;Ciutat Meridiana;Nou. Milers d'euros;--
2022;1;8;Nou Barris;56;Vallbona;Nou. Milers d'euros;--
2022;1;9;Sant Andreu;57;la Trinitat Vella;Nou. Milers d'euros;--
2022;1;9;Sant Andreu;58;Baró de Viver;Nou. Milers d'euros;--
2022;1;9;Sant Andreu;59;el Bon Pastor;Nou. Milers d'euros;--
2022;1;9;Sant Andreu;60;Sant Andreu;Nou. Milers d'euros;390.7
2022;1;9;Sant Andreu;61;la Sagrera;Nou. Milers d'euros;--
2022;1;9;Sant Andreu;62;el Congrés i els Indians;Nou. Milers d'euros;407.5
2022;1;9;Sant Andreu;63;Navas;Nou. Milers d'euros;--
2022;1;10;Sant Martí;64;el Camp de l'Arpa del Clot;Nou. Milers d'euros;--
2022;1;10;Sant Martí;65;el Clot;Nou. Milers d'euros;--
2022;1;10;Sant Martí;66;el Parc i la Llacuna del Poblenou;Nou. Milers d'euros;612.4
2022;1;10;Sant Martí;67;la Vila Olímpica del Poblenou;Nou. Milers d'euros;593.0
2022;1;10;Sant Martí;68;el Poblenou;Nou. Milers d'euros;466.0
2022;1;10;Sant Martí;69;Diagonal Mar i el Front Marítim del Poblenou;Nou. Milers d'euros;--
2022;1;10;Sant Martí;70;el Besòs i el Maresme;Nou. Milers d'euros;405.4
2022;1;10;Sant Martí;71;Provençals del Poblenou;Nou. Milers d'euros;174.2
2022;1;10;Sant Martí;72;Sant Martí de Provençals;Nou. Milers d'euros;--
2022;1;10;Sant Martí;73;la Verneda i la Pau;Nou. Milers d'euros;--
2022;1;1;Ciutat Vella;1;el Raval;Usat. Milers d'euros;226.1
2022;1;1;Ciutat Vella;2;el Barri Gòtic;Usat. Milers d'euros;393.1
2022;1;1;Ciutat Vella;3;la Barceloneta;Usat. Milers d'euros;222.4
2022;1;1;Ciutat Vella;4;Sant Pere, Santa Caterina i la Ribera;Usat. Milers d'euros;357.5
2022;1;2;Eixample;5;el Fort Pienc;Usat. Milers d'euros;334.1
2022;1;2;Eixample;6;la Sagrada Família;Usat. Milers d'euros;302.6
2022;1;2;Eixample;7;la Dreta de l'Eixample;Usat. Milers d'euros;705.3
2022;1;2;Eixample;8;l'Antiga Esquerra de l'Eixample;Usat. Milers d'euros;464.6
2022;1;2;Eixample;9;la Nova Esquerra de l'Eixample;Usat. Milers d'euros;333.5
2022;1;2;Eixample;10;Sant Antoni;Usat. Milers d'euros;374.1
2022;1;3;Sants-Montjuïc;11;el Poble Sec;Usat. Milers d'euros;256.6
2022;1;3;Sants-Montjuïc;12;la Marina del Prat Vermell;Usat. Milers d'euros;--
2022;1;3;Sants-Montjuïc;13;la Marina de Port;Usat. Milers d'euros;233.8
2022;1;3;Sants-Montjuïc;14;la Font de la Guatlla;Usat. Milers d'euros;245.4
2022;1;3;Sants-Montjuïc;15;Hostafrancs;Usat. Milers d'euros;241.3
2022;1;3;Sants-Montjuïc;16;la Bordeta;Usat. Milers d'euros;172.0
2022;1;3;Sants-Montjuïc;17;Sants - Badal;Usat. Milers d'euros;259.7
2022;1;3;Sants-Montjuïc;18;Sants;Usat. Milers d'euros;266.6
2022;1;4;Les Corts;19;les Corts;Usat. Milers d'euros;436.5
2022;1;4;Les Corts;20;la Maternitat i Sant Ramon;Usat. Milers d'euros;336.3
2022;1;4;Les Corts;21;Pedralbes;Usat. Milers d'euros;1144.1
2022;1;5;Sarrià-Sant Gervasi;22;Vallvidrera, el Tibidabo i les Planes;Usat. Milers d'euros;353.8
2022;1;5;Sarrià-Sant Gervasi;23;Sarrià;Usat. Milers d'euros;743.1
2022;1;5;Sarrià-Sant Gervasi;24;les Tres Torres;Usat. Milers d'euros;889.9
2022;1;5;Sarrià-Sant Gervasi;25;Sant Gervasi - la Bonanova;Usat. Milers d'euros;743.3
2022;1;5;Sarrià-Sant Gervasi;26;Sant Gervasi - Galvany;Usat. Milers d'euros;693.7
2022;1;5;Sarrià-Sant Gervasi;27;el Putxet i el Farró;Usat. Milers d'euros;496.4
2022;1;6;Gràcia;28;Vallcarca i els Penitents;Usat. Milers d'euros;298.6
2022;1;6;Gràcia;29;el Coll;Usat. Milers d'euros;196.2
2022;1;6;Gràcia;30;la Salut;Usat. Milers d'euros;286.0
2022;1;6;Gràcia;31;la Vila de Gràcia;Usat. Milers d'euros;388.2
2022;1;6;Gràcia;32;el Camp d'en Grassot i Gràcia Nova;Usat. Milers d'euros;330.3
2022;1;7;Horta-Guinardó;33;el Baix Guinardó;Usat. Milers d'euros;279.9
2022;1;7;Horta-Guinardó;34;Can Baró;Usat. Milers d'euros;234.2
2022;1;7;Horta-Guinardó;35;el Guinardó;Usat. Milers d'euros;257.8
2022;1;7;Horta-Guinardó;36;la Font d'en Fargues;Usat. Milers d'euros;253.9
2022;1;7;Horta-Guinardó;37;el Carmel;Usat. Milers d'euros;149.3
2022;1;7;Horta-Guinardó;38;la Teixonera;Usat. Milers d'euros;282.1
2022;1;7;Horta-Guinardó;39;Sant Genís dels Agudells;Usat. Milers d'euros;137.0
2022;1;7;Horta-Guinardó;40;Montbau;Usat. Milers d'euros;165.8
2022;1;7;Horta-Guinardó;41;la Vall d'Hebron;Usat. Milers d'euros;287.3
2022;1;7;Horta-Guinardó;42;la Clota;Usat. Milers d'euros;--
2022;1;7;Horta-Guinardó;43;Horta;Usat. Milers d'euros;236.1
2022;1;8;Nou Barris;44;Vilapicina i la Torre Llobeta;Usat. Milers d'euros;207.9
2022;1;8;Nou Barris;45;Porta;Usat. Milers d'euros;235.6
2022;1;8;Nou Barris;46;el Turó de la Peira;Usat. Milers d'euros;126.3
2022;1;8;Nou Barris;47;Can Peguera;Usat. Milers d'euros;--
2022;1;8;Nou Barris;48;la Guineueta;Usat. Milers d'euros;225.6
2022;1;8;Nou Barris;49;Canyelles;Usat. Milers d'euros;188.8
2022;1;8;Nou Barris;50;les Roquetes;Usat. Milers d'euros;127.6
2022;1;8;Nou Barris;51;Verdun;Usat. Milers d'euros;162.3
2022;1;8;Nou Barris;52;la Prosperitat;Usat. Milers d'euros;164.4
2022;1;8;Nou Barris;53;la Trinitat Nova;Usat. Milers d'euros;83.4
2022;1;8;Nou Barris;54;Torre Baró;Usat. Milers d'euros;--
2022;1;8;Nou Barris;55;Ciutat Meridiana;Usat. Milers d'euros;94.1
2022;1;8;Nou Barris;56;Vallbona;Usat. Milers d'euros;--
2022;1;9;Sant Andreu;57;la Trinitat Vella;Usat. Milers d'euros;108.3
2022;1;9;Sant Andreu;58;Baró de Viver;Usat. Milers d'euros;--
2022;1;9;Sant Andreu;59;el Bon Pastor;Usat. Milers d'euros;173.6
2022;1;9;Sant Andreu;60;Sant Andreu;Usat. Milers d'euros;258.0
2022;1;9;Sant Andreu;61;la Sagrera;Usat. Milers d'euros;249.5
2022;1;9;Sant Andreu;62;el Congrés i els Indians;Usat. Milers d'euros;288.8
2022;1;9;Sant Andreu;63;Navas;Usat. Milers d'euros;269.2
2022;1;10;Sant Martí;64;el Camp de l'Arpa del Clot;Usat. Milers d'euros;235.5
2022;1;10;Sant Martí;65;el Clot;Usat. Milers d'euros;425.1
2022;1;10;Sant Martí;66;el Parc i la Llacuna del Poblenou;Usat. Milers d'euros;335.9
2022;1;10;Sant Martí;67;la Vila Olímpica del Poblenou;Usat. Milers d'euros;446.6
2022;1;10;Sant Martí;68;el Poblenou;Usat. Milers d'euros;372.2
2022;1;10;Sant Martí;69;Diagonal Mar i el Front Marítim del Poblenou;Usat. Milers d'euros;637.7
2022;1;10;Sant Martí;70;el Besòs i el Maresme;Usat. Milers d'euros;193.7
2022;1;10;Sant Martí;71;Provençals del Poblenou;Usat. Milers d'euros;274.3
2022;1;10;Sant Martí;72;Sant Martí de Provençals;Usat. Milers d'euros;202.9
2022;1;10;Sant Martí;73;la Verneda i la Pau;Usat. Milers d'euros;160.7
2022;1;1;Ciutat Vella;1;el Raval;Total. Euros/m2 construït;3203.0
2022;1;1;Ciutat Vella;2;el Barri Gòtic;Total. Euros/m2 construït;4755.7
2022;1;1;Ciutat Vella;3;la Barceloneta;Total. Euros/m2 construït;4489.8
2022;1;1;Ciutat Vella;4;Sant Pere, Santa Caterina i la Ribera;Total. Euros/m2 construït;4739.0
2022;1;2;Eixample;5;el Fort Pienc;Total. Euros/m2 construït;4175.4
2022;1;2;Eixample;6;la Sagrada Família;Total. Euros/m2 construït;3987.4
2022;1;2;Eixample;7;la Dreta de l'Eixample;Total. Euros/m2 construït;6321.1
2022;1;2;Eixample;8;l'Antiga Esquerra de l'Eixample;Total. Euros/m2 construït;4933.4
2022;1;2;Eixample;9;la Nova Esquerra de l'Eixample;Total. Euros/m2 construït;4129.5
2022;1;2;Eixample;10;Sant Antoni;Total. Euros/m2 construït;4523.9
2022;1;3;Sants-Montjuïc;11;el Poble Sec;Total. Euros/m2 construït;3733.8
2022;1;3;Sants-Montjuïc;12;la Marina del Prat Vermell;Total. Euros/m2 construït;--
2022;1;3;Sants-Montjuïc;13;la Marina de Port;Total. Euros/m2 construït;3451.5
2022;1;3;Sants-Montjuïc;14;la Font de la Guatlla;Total. Euros/m2 construït;3198.8
2022;1;3;Sants-Montjuïc;15;Hostafrancs;Total. Euros/m2 construït;3830.5
2022;1;3;Sants-Montjuïc;16;la Bordeta;Total. Euros/m2 construït;3676.4
2022;1;3;Sants-Montjuïc;17;Sants - Badal;Total. Euros/m2 construït;3632.0
2022;1;3;Sants-Montjuïc;18;Sants;Total. Euros/m2 construït;3824.8
2022;1;4;Les Corts;19;les Corts;Total. Euros/m2 construït;5005.7
2022;1;4;Les Corts;20;la Maternitat i Sant Ramon;Total. Euros/m2 construït;4091.8
2022;1;4;Les Corts;21;Pedralbes;Total. Euros/m2 construït;5078.9
2022;1;5;Sarrià-Sant Gervasi;22;Vallvidrera, el Tibidabo i les Planes;Total. Euros/m2 construït;3747.0
2022;1;5;Sarrià-Sant Gervasi;23;Sarrià;Total. Euros/m2 construït;6042.0
2022;1;5;Sarrià-Sant Gervasi;24;les Tres Torres;Total. Euros/m2 construït;5799.4
2022;1;5;Sarrià-Sant Gervasi;25;Sant Gervasi - la Bonanova;Total. Euros/m2 construït;6148.2
2022;1;5;Sarrià-Sant Gervasi;26;Sant Gervasi - Galvany;Total. Euros/m2 construït;5895.0
2022;1;5;Sarrià-Sant Gervasi;27;el Putxet i el Farró;Total. Euros/m2 construït;5142.9
2022;1;6;Gràcia;28;Vallcarca i els Penitents;Total. Euros/m2 construït;4126.5
2022;1;6;Gràcia;29;el Coll;Total. Euros/m2 construït;2723.8
2022;1;6;Gràcia;30;la Salut;Total. Euros/m2 construït;3102.7
2022;1;6;Gràcia;31;la Vila de Gràcia;Total. Euros/m2 construït;4758.3
2022;1;6;Gràcia;32;el Camp d'en Grassot i Gràcia Nova;Total. Euros/m2 construït;4323.7
2022;1;7;Horta-Guinardó;33;el Baix Guinardó;Total. Euros/m2 construït;3829.4
2022;1;7;Horta-Guinardó;34;Can Baró;Total. Euros/m2 construït;3310.8
2022;1;7;Horta-Guinardó;35;el Guinardó;Total. Euros/m2 construït;3492.7
2022;1;7;Horta-Guinardó;36;la Font d'en Fargues;Total. Euros/m2 construït;3568.7
2022;1;7;Horta-Guinardó;37;el Carmel;Total. Euros/m2 construït;2559.9
2022;1;7;Horta-Guinardó;38;la Teixonera;Total. Euros/m2 construït;3528.2
2022;1;7;Horta-Guinardó;39;Sant Genís dels Agudells;Total. Euros/m2 construït;2340.1
2022;1;7;Horta-Guinardó;40;Montbau;Total. Euros/m2 construït;2912.2
2022;1;7;Horta-Guinardó;41;la Vall d'Hebron;Total. Euros/m2 construït;4475.0
2022;1;7;Horta-Guinardó;42;la Clota;Total. Euros/m2 construït;--
2022;1;7;Horta-Guinardó;43;Horta;Total. Euros/m2 construït;3499.9
2022;1;8;Nou Barris;44;Vilapicina i la Torre Llobeta;Total. Euros/m2 construït;2908.0
2022;1;8;Nou Barris;45;Porta;Total. Euros/m2 construït;3459.2
2022;1;8;Nou Barris;46;el Turó de la Peira;Total. Euros/m2 construït;2086.6
2022;1;8;Nou Barris;47;Can Peguera;Total. Euros/m2 construït;--
2022;1;8;Nou Barris;48;la Guineueta;Total. Euros/m2 construït;2913.3
2022;1;8;Nou Barris;49;Canyelles;Total. Euros/m2 construït;2709.8
2022;1;8;Nou Barris;50;les Roquetes;Total. Euros/m2 construït;2168.7
2022;1;8;Nou Barris;51;Verdun;Total. Euros/m2 construït;2529.6
2022;1;8;Nou Barris;52;la Prosperitat;Total. Euros/m2 construït;2592.9
2022;1;8;Nou Barris;53;la Trinitat Nova;Total. Euros/m2 construït;1686.4
2022;1;8;Nou Barris;54;Torre Baró;Total. Euros/m2 construït;--
2022;1;8;Nou Barris;55;Ciutat Meridiana;Total. Euros/m2 construït;1550.9
2022;1;8;Nou Barris;56;Vallbona;Total. Euros/m2 construït;--
2022;1;9;Sant Andreu;57;la Trinitat Vella;Total. Euros/m2 construït;1865.2
2022;1;9;Sant Andreu;58;Baró de Viver;Total. Euros/m2 construït;--
2022;1;9;Sant Andreu;59;el Bon Pastor;Total. Euros/m2 construït;2346.6
2022;1;9;Sant Andreu;60;Sant Andreu;Total. Euros/m2 construït;3279.4
2022;1;9;Sant Andreu;61;la Sagrera;Total. Euros/m2 construït;3150.1
2022;1;9;Sant Andreu;62;el Congrés i els Indians;Total. Euros/m2 construït;4468.1
2022;1;9;Sant Andreu;63;Navas;Total. Euros/m2 construït;3545.5
2022;1;10;Sant Martí;64;el Camp de l'Arpa del Clot;Total. Euros/m2 construït;3617.7
2022;1;10;Sant Martí;65;el Clot;Total. Euros/m2 construït;5282.1
2022;1;10;Sant Martí;66;el Parc i la Llacuna del Poblenou;Total. Euros/m2 construït;5489.0
2022;1;10;Sant Martí;67;la Vila Olímpica del Poblenou;Total. Euros/m2 construït;4346.4
2022;1;10;Sant Martí;68;el Poblenou;Total. Euros/m2 construït;5229.7
2022;1;10;Sant Martí;69;Diagonal Mar i el Front Marítim del Poblenou;Total. Euros/m2 construït;6151.6
2022;1;10;Sant Martí;70;el Besòs i el Maresme;Total. Euros/m2 construït;3261.8
2022;1;10;Sant Martí;71;Provençals del Poblenou;Total. Euros/m2 construït;3467.6
2022;1;10;Sant Martí;72;Sant Martí de Provençals;Total. Euros/m2 construït;2870.6
2022;1;10;Sant Martí;73;la Verneda i la Pau;Total. Euros/m2 construït;2211.0
2022;1;1;Ciutat Vella;1;el Raval;Nou. Euros/m2 construït;--
2022;1;1;Ciutat Vella;2;el Barri Gòtic;Nou. Euros/m2 construït;10354.8
2022;1;1;Ciutat Vella;3;la Barceloneta;Nou. Euros/m2 construït;4563.8
2022;1;1;Ciutat Vella;4;Sant Pere, Santa Caterina i la Ribera;Nou. Euros/m2 construït;4318.3
2022;1;2;Eixample;5;el Fort Pienc;Nou. Euros/m2 construït;4638.3
2022;1;2;Eixample;6;la Sagrada Família;Nou. Euros/m2 construït;--
2022;1;2;Eixample;7;la Dreta de l'Eixample;Nou. Euros/m2 construït;8330.3
2022;1;2;Eixample;8;l'Antiga Esquerra de l'Eixample;Nou. Euros/m2 construït;5098.3
2022;1;2;Eixample;9;la Nova Esquerra de l'Eixample;Nou. Euros/m2 construït;4008.5
2022;1;2;Eixample;10;Sant Antoni;Nou. Euros/m2 construït;3478.9
2022;1;3;Sants-Montjuïc;11;el Poble Sec;Nou. Euros/m2 construït;--
2022;1;3;Sants-Montjuïc;12;la Marina del Prat Vermell;Nou. Euros/m2 construït;--
2022;1;3;Sants-Montjuïc;13;la Marina de Port;Nou. Euros/m2 construït;--
2022;1;3;Sants-Montjuïc;14;la Font de la Guatlla;Nou. Euros/m2 construït;2374.9
2022;1;3;Sants-Montjuïc;15;Hostafrancs;Nou. Euros/m2 construït;4247.4
2022;1;3;Sants-Montjuïc;16;la Bordeta;Nou. Euros/m2 construït;--
2022;1;3;Sants-Montjuïc;17;Sants - Badal;Nou. Euros/m2 construït;3874.2
2022;1;3;Sants-Montjuïc;18;Sants;Nou. Euros/m2 construït;4584.3
2022;1;4;Les Corts;19;les Corts;Nou. Euros/m2 construït;6971.3
2022;1;4;Les Corts;20;la Maternitat i Sant Ramon;Nou. Euros/m2 construït;--
2022;1;4;Les Corts;21;Pedralbes;Nou. Euros/m2 construït;3751.9
2022;1;5;Sarrià-Sant Gervasi;22;Vallvidrera, el Tibidabo i les Planes;Nou. Euros/m2 construït;--
2022;1;5;Sarrià-Sant Gervasi;23;Sarrià;Nou. Euros/m2 construït;3899.7
2022;1;5;Sarrià-Sant Gervasi;24;les Tres Torres;Nou. Euros/m2 construït;--
2022;1;5;Sarrià-Sant Gervasi;25;Sant Gervasi - la Bonanova;Nou. Euros/m2 construït;7037.2
2022;1;5;Sarrià-Sant Gervasi;26;Sant Gervasi - Galvany;Nou. Euros/m2 construït;6927.5
2022;1;5;Sarrià-Sant Gervasi;27;el Putxet i el Farró;Nou. Euros/m2 construït;9316.4
2022;1;6;Gràcia;28;Vallcarca i els Penitents;Nou. Euros/m2 construït;4328.4
2022;1;6;Gràcia;29;el Coll;Nou. Euros/m2 construït;2613.2
2022;1;6;Gràcia;30;la Salut;Nou. Euros/m2 construït;--
2022;1;6;Gràcia;31;la Vila de Gràcia;Nou. Euros/m2 construït;--
2022;1;6;Gràcia;32;el Camp d'en Grassot i Gràcia Nova;Nou. Euros/m2 construït;--
2022;1;7;Horta-Guinardó;33;el Baix Guinardó;Nou. Euros/m2 construït;--
2022;1;7;Horta-Guinardó;34;Can Baró;Nou. Euros/m2 construït;--
2022;1;7;Horta-Guinardó;35;el Guinardó;Nou. Euros/m2 construït;4554.3
2022;1;7;Horta-Guinardó;36;la Font d'en Fargues;Nou. Euros/m2 construït;4072.6
2022;1;7;Horta-Guinardó;37;el Carmel;Nou. Euros/m2 construït;2565.8
2022;1;7;Horta-Guinardó;38;la Teixonera;Nou. Euros/m2 construït;3025.3
2022;1;7;Horta-Guinardó;39;Sant Genís dels Agudells;Nou. Euros/m2 construït;--
2022;1;7;Horta-Guinardó;40;Montbau;Nou. Euros/m2 construït;--
2022;1;7;Horta-Guinardó;41;la Vall d'Hebron;Nou. Euros/m2 construït;--
2022;1;7;Horta-Guinardó;42;la Clota;Nou. Euros/m2 construït;--
2022;1;7;Horta-Guinardó;43;Horta;Nou. Euros/m2 construït;3630.7
2022;1;8;Nou Barris;44;Vilapicina i la Torre Llobeta;Nou. Euros/m2 construït;--
2022;1;8;Nou Barris;45;Porta;Nou. Euros/m2 construït;--
2022;1;8;Nou Barris;46;el Turó de la Peira;Nou. Euros/m2 construït;--
2022;1;8;Nou Barris;47;Can Peguera;Nou. Euros/m2 construït;--
2022;1;8;Nou Barris;48;la Guineueta;Nou. Euros/m2 construït;--
2022;1;8;Nou Barris;49;Canyelles;Nou. Euros/m2 construït;--
2022;1;8;Nou Barris;50;les Roquetes;Nou. Euros/m2 construït;--
2022;1;8;Nou Barris;51;Verdun;Nou. Euros/m2 construït;--
2022;1;8;Nou Barris;52;la Prosperitat;Nou. Euros/m2 construït;--
2022;1;8;Nou Barris;53;la Trinitat Nova;Nou. Euros/m2 construït;--
2022;1;8;Nou Barris;54;Torre Baró;Nou. Euros/m2 construït;--
2022;1;8;Nou Barris;55;Ciutat Meridiana;Nou. Euros/m2 construït;--
2022;1;8;Nou Barris;56;Vallbona;Nou. Euros/m2 construït;--
2022;1;9;Sant Andreu;57;la Trinitat Vella;Nou. Euros/m2 construït;--
2022;1;9;Sant Andreu;58;Baró de Viver;Nou. Euros/m2 construït;--
2022;1;9;Sant Andreu;59;el Bon Pastor;Nou. Euros/m2 construït;--
2022;1;9;Sant Andreu;60;Sant Andreu;Nou. Euros/m2 construït;3971.7
2022;1;9;Sant Andreu;61;la Sagrera;Nou. Euros/m2 construït;--
2022;1;9;Sant Andreu;62;el Congrés i els Indians;Nou. Euros/m2 construït;5886.0
2022;1;9;Sant Andreu;63;Navas;Nou. Euros/m2 construït;--
2022;1;10;Sant Martí;64;el Camp de l'Arpa del Clot;Nou. Euros/m2 construït;--
2022;1;10;Sant Martí;65;el Clot;Nou. Euros/m2 construït;--
2022;1;10;Sant Martí;66;el Parc i la Llacuna del Poblenou;Nou. Euros/m2 construït;5867.5
2022;1;10;Sant Martí;67;la Vila Olímpica del Poblenou;Nou. Euros/m2 construït;5390.9
2022;1;10;Sant Martí;68;el Poblenou;Nou. Euros/m2 construït;5655.1
2022;1;10;Sant Martí;69;Diagonal Mar i el Front Marítim del Poblenou;Nou. Euros/m2 construït;--
2022;1;10;Sant Martí;70;el Besòs i el Maresme;Nou. Euros/m2 construït;4854.4
2022;1;10;Sant Martí;71;Provençals del Poblenou;Nou. Euros/m2 construït;2537.0
2022;1;10;Sant Martí;72;Sant Martí de Provençals;Nou. Euros/m2 construït;--
2022;1;10;Sant Martí;73;la Verneda i la Pau;Nou. Euros/m2 construït;--
2022;1;1;Ciutat Vella;1;el Raval;Usat. Euros/m2 construït;3203.0
2022;1;1;Ciutat Vella;2;el Barri Gòtic;Usat. Euros/m2 construït;4398.3
2022;1;1;Ciutat Vella;3;la Barceloneta;Usat. Euros/m2 construït;4481.4
2022;1;1;Ciutat Vella;4;Sant Pere, Santa Caterina i la Ribera;Usat. Euros/m2 construït;4781.8
2022;1;2;Eixample;5;el Fort Pienc;Usat. Euros/m2 construït;4138.4
2022;1;2;Eixample;6;la Sagrada Família;Usat. Euros/m2 construït;4000.9
2022;1;2;Eixample;7;la Dreta de l'Eixample;Usat. Euros/m2 construït;5617.8
2022;1;2;Eixample;8;l'Antiga Esquerra de l'Eixample;Usat. Euros/m2 construït;4909.0
2022;1;2;Eixample;9;la Nova Esquerra de l'Eixample;Usat. Euros/m2 construït;4158.4
2022;1;2;Eixample;10;Sant Antoni;Usat. Euros/m2 construït;4657.9
2022;1;3;Sants-Montjuïc;11;el Poble Sec;Usat. Euros/m2 construït;3793.6
2022;1;3;Sants-Montjuïc;12;la Marina del Prat Vermell;Usat. Euros/m2 construït;--
2022;1;3;Sants-Montjuïc;13;la Marina de Port;Usat. Euros/m2 construït;3535.6
2022;1;3;Sants-Montjuïc;14;la Font de la Guatlla;Usat. Euros/m2 construït;3345.9
2022;1;3;Sants-Montjuïc;15;Hostafrancs;Usat. Euros/m2 construït;3565.2
2022;1;3;Sants-Montjuïc;16;la Bordeta;Usat. Euros/m2 construït;3214.9
2022;1;3;Sants-Montjuïc;17;Sants - Badal;Usat. Euros/m2 construït;3543.9
2022;1;3;Sants-Montjuïc;18;Sants;Usat. Euros/m2 construït;3783.3
2022;1;4;Les Corts;19;les Corts;Usat. Euros/m2 construït;4696.8
2022;1;4;Les Corts;20;la Maternitat i Sant Ramon;Usat. Euros/m2 construït;3952.4
2022;1;4;Les Corts;21;Pedralbes;Usat. Euros/m2 construït;6201.7
2022;1;5;Sarrià-Sant Gervasi;22;Vallvidrera, el Tibidabo i les Planes;Usat. Euros/m2 construït;3747.0
2022;1;5;Sarrià-Sant Gervasi;23;Sarrià;Usat. Euros/m2 construït;6137.3
2022;1;5;Sarrià-Sant Gervasi;24;les Tres Torres;Usat. Euros/m2 construït;5831.2
2022;1;5;Sarrià-Sant Gervasi;25;Sant Gervasi - la Bonanova;Usat. Euros/m2 construït;5947.5
2022;1;5;Sarrià-Sant Gervasi;26;Sant Gervasi - Galvany;Usat. Euros/m2 construït;5450.5
2022;1;5;Sarrià-Sant Gervasi;27;el Putxet i el Farró;Usat. Euros/m2 construït;4733.7
2022;1;6;Gràcia;28;Vallcarca i els Penitents;Usat. Euros/m2 construït;4092.8
2022;1;6;Gràcia;29;el Coll;Usat. Euros/m2 construït;2779.1
2022;1;6;Gràcia;30;la Salut;Usat. Euros/m2 construït;3082.4
2022;1;6;Gràcia;31;la Vila de Gràcia;Usat. Euros/m2 construït;4764.9
2022;1;6;Gràcia;32;el Camp d'en Grassot i Gràcia Nova;Usat. Euros/m2 construït;4323.7
2022;1;7;Horta-Guinardó;33;el Baix Guinardó;Usat. Euros/m2 construït;3829.4
2022;1;7;Horta-Guinardó;34;Can Baró;Usat. Euros/m2 construït;3310.8
2022;1;7;Horta-Guinardó;35;el Guinardó;Usat. Euros/m2 construït;3382.9
2022;1;7;Horta-Guinardó;36;la Font d'en Fargues;Usat. Euros/m2 construït;3190.9
2022;1;7;Horta-Guinardó;37;el Carmel;Usat. Euros/m2 construït;2558.9
2022;1;7;Horta-Guinardó;38;la Teixonera;Usat. Euros/m2 construït;3779.7
2022;1;7;Horta-Guinardó;39;Sant Genís dels Agudells;Usat. Euros/m2 construït;2239.9
2022;1;7;Horta-Guinardó;40;Montbau;Usat. Euros/m2 construït;2896.7
2022;1;7;Horta-Guinardó;41;la Vall d'Hebron;Usat. Euros/m2 construït;4371.3
2022;1;7;Horta-Guinardó;42;la Clota;Usat. Euros/m2 construït;--
2022;1;7;Horta-Guinardó;43;Horta;Usat. Euros/m2 construït;3473.0
2022;1;8;Nou Barris;44;Vilapicina i la Torre Llobeta;Usat. Euros/m2 construït;2948.0
2022;1;8;Nou Barris;45;Porta;Usat. Euros/m2 construït;3459.2
2022;1;8;Nou Barris;46;el Turó de la Peira;Usat. Euros/m2 construït;2086.6
2022;1;8;Nou Barris;47;Can Peguera;Usat. Euros/m2 construït;--
2022;1;8;Nou Barris;48;la Guineueta;Usat. Euros/m2 construït;2913.3
2022;1;8;Nou Barris;49;Canyelles;Usat. Euros/m2 construït;2709.8
2022;1;8;Nou Barris;50;les Roquetes;Usat. Euros/m2 construït;2168.7
2022;1;8;Nou Barris;51;Verdun;Usat. Euros/m2 construït;2529.6
2022;1;8;Nou Barris;52;la Prosperitat;Usat. Euros/m2 construït;2592.9
2022;1;8;Nou Barris;53;la Trinitat Nova;Usat. Euros/m2 construït;1686.4
2022;1;8;Nou Barris;54;Torre Baró;Usat. Euros/m2 construït;--
2022;1;8;Nou Barris;55;Ciutat Meridiana;Usat. Euros/m2 construït;1550.9
2022;1;8;Nou Barris;56;Vallbona;Usat. Euros/m2 construït;--
2022;1;9;Sant Andreu;57;la Trinitat Vella;Usat. Euros/m2 construït;1865.2
2022;1;9;Sant Andreu;58;Baró de Viver;Usat. Euros/m2 construït;--
2022;1;9;Sant Andreu;59;el Bon Pastor;Usat. Euros/m2 construït;2346.6
2022;1;9;Sant Andreu;60;Sant Andreu;Usat. Euros/m2 construït;3149.6
2022;1;9;Sant Andreu;61;la Sagrera;Usat. Euros/m2 construït;3150.1
2022;1;9;Sant Andreu;62;el Congrés i els Indians;Usat. Euros/m2 construït;4063.0
2022;1;9;Sant Andreu;63;Navas;Usat. Euros/m2 construït;3545.5
2022;1;10;Sant Martí;64;el Camp de l'Arpa del Clot;Usat. Euros/m2 construït;3617.7
2022;1;10;Sant Martí;65;el Clot;Usat. Euros/m2 construït;5251.4
2022;1;10;Sant Martí;66;el Parc i la Llacuna del Poblenou;Usat. Euros/m2 construït;4214.0
2022;1;10;Sant Martí;67;la Vila Olímpica del Poblenou;Usat. Euros/m2 construït;4281.1
2022;1;10;Sant Martí;68;el Poblenou;Usat. Euros/m2 construït;4856.4
2022;1;10;Sant Martí;69;Diagonal Mar i el Front Marítim del Poblenou;Usat. Euros/m2 construït;6151.6
2022;1;10;Sant Martí;70;el Besòs i el Maresme;Usat. Euros/m2 construït;2593.9
2022;1;10;Sant Martí;71;Provençals del Poblenou;Usat. Euros/m2 construït;3806.1
2022;1;10;Sant Martí;72;Sant Martí de Provençals;Usat. Euros/m2 construït;2870.6
2022;1;10;Sant Martí;73;la Verneda i la Pau;Usat. Euros/m2 construït;2211.0
2022;2;1;Ciutat Vella;1;el Raval;Total. Milers d'euros;259.6
2022;2;1;Ciutat Vella;2;el Barri Gòtic;Total. Milers d'euros;396.4
2022;2;1;Ciutat Vella;3;la Barceloneta;Total. Milers d'euros;206.4
2022;2;1;Ciutat Vella;4;Sant Pere, Santa Caterina i la Ribera;Total. Milers d'euros;303.6
2022;2;2;Eixample;5;el Fort Pienc;Total. Milers d'euros;367.6
2022;2;2;Eixample;6;la Sagrada Família;Total. Milers d'euros;294.7
2022;2;2;Eixample;7;la Dreta de l'Eixample;Total. Milers d'euros;584.6
2022;2;2;Eixample;8;l'Antiga Esquerra de l'Eixample;Total. Milers d'euros;479.2
2022;2;2;Eixample;9;la Nova Esquerra de l'Eixample;Total. Milers d'euros;390.7
2022;2;2;Eixample;10;Sant Antoni;Total. Milers d'euros;355.4
2022;2;3;Sants-Montjuïc;11;el Poble Sec;Total. Milers d'euros;262.1
2022;2;3;Sants-Montjuïc;12;la Marina del Prat Vermell;Total. Milers d'euros;105.1
2022;2;3;Sants-Montjuïc;13;la Marina de Port;Total. Milers d'euros;232.8
2022;2;3;Sants-Montjuïc;14;la Font de la Guatlla;Total. Milers d'euros;329.3
2022;2;3;Sants-Montjuïc;15;Hostafrancs;Total. Milers d'euros;291.4
2022;2;3;Sants-Montjuïc;16;la Bordeta;Total. Milers d'euros;246.4
2022;2;3;Sants-Montjuïc;17;Sants - Badal;Total. Milers d'euros;300.9
2022;2;3;Sants-Montjuïc;18;Sants;Total. Milers d'euros;306.0
2022;2;4;Les Corts;19;les Corts;Total. Milers d'euros;400.5
2022;2;4;Les Corts;20;la Maternitat i Sant Ramon;Total. Milers d'euros;383.8
2022;2;4;Les Corts;21;Pedralbes;Total. Milers d'euros;717.2
2022;2;5;Sarrià-Sant Gervasi;22;Vallvidrera, el Tibidabo i les Planes;Total. Milers d'euros;620.3
2022;2;5;Sarrià-Sant Gervasi;23;Sarrià;Total. Milers d'euros;812.4
2022;2;5;Sarrià-Sant Gervasi;24;les Tres Torres;Total. Milers d'euros;852.2
2022;2;5;Sarrià-Sant Gervasi;25;Sant Gervasi - la Bonanova;Total. Milers d'euros;1140.5
2022;2;5;Sarrià-Sant Gervasi;26;Sant Gervasi - Galvany;Total. Milers d'euros;922.6
2022;2;5;Sarrià-Sant Gervasi;27;el Putxet i el Farró;Total. Milers d'euros;472.1
2022;2;6;Gràcia;28;Vallcarca i els Penitents;Total. Milers d'euros;384.0
2022;2;6;Gràcia;29;el Coll;Total. Milers d'euros;196.7
2022;2;6;Gràcia;30;la Salut;Total. Milers d'euros;337.0
2022;2;6;Gràcia;31;la Vila de Gràcia;Total. Milers d'euros;331.7
2022;2;6;Gràcia;32;el Camp d'en Grassot i Gràcia Nova;Total. Milers d'euros;309.9
2022;2;7;Horta-Guinardó;33;el Baix Guinardó;Total. Milers d'euros;255.8
2022;2;7;Horta-Guinardó;34;Can Baró;Total. Milers d'euros;225.9
2022;2;7;Horta-Guinardó;35;el Guinardó;Total. Milers d'euros;241.5
2022;2;7;Horta-Guinardó;36;la Font d'en Fargues;Total. Milers d'euros;366.3
2022;2;7;Horta-Guinardó;37;el Carmel;Total. Milers d'euros;181.7
2022;2;7;Horta-Guinardó;38;la Teixonera;Total. Milers d'euros;176.8
2022;2;7;Horta-Guinardó;39;Sant Genís dels Agudells;Total. Milers d'euros;124.0
2022;2;7;Horta-Guinardó;40;Montbau;Total. Milers d'euros;210.8
2022;2;7;Horta-Guinardó;41;la Vall d'Hebron;Total. Milers d'euros;385.1
2022;2;7;Horta-Guinardó;42;la Clota;Total. Milers d'euros;--
2022;2;7;Horta-Guinardó;43;Horta;Total. Milers d'euros;195.2
2022;2;8;Nou Barris;44;Vilapicina i la Torre Llobeta;Total. Milers d'euros;206.7
2022;2;8;Nou Barris;45;Porta;Total. Milers d'euros;164.0
2022;2;8;Nou Barris;46;el Turó de la Peira;Total. Milers d'euros;151.5
2022;2;8;Nou Barris;47;Can Peguera;Total. Milers d'euros;142.0
2022;2;8;Nou Barris;48;la Guineueta;Total. Milers d'euros;236.8
2022;2;8;Nou Barris;49;Canyelles;Total. Milers d'euros;210.2
2022;2;8;Nou Barris;50;les Roquetes;Total. Milers d'euros;102.2
2022;2;8;Nou Barris;51;Verdun;Total. Milers d'euros;157.6
2022;2;8;Nou Barris;52;la Prosperitat;Total. Milers d'euros;120.1
2022;2;8;Nou Barris;53;la Trinitat Nova;Total. Milers d'euros;109.1
2022;2;8;Nou Barris;54;Torre Baró;Total. Milers d'euros;--
2022;2;8;Nou Barris;55;Ciutat Meridiana;Total. Milers d'euros;109.4
2022;2;8;Nou Barris;56;Vallbona;Total. Milers d'euros;--
2022;2;9;Sant Andreu;57;la Trinitat Vella;Total. Milers d'euros;37.5
2022;2;9;Sant Andreu;58;Baró de Viver;Total. Milers d'euros;--
2022;2;9;Sant Andreu;59;el Bon Pastor;Total. Milers d'euros;154.8
2022;2;9;Sant Andreu;60;Sant Andreu;Total. Milers d'euros;269.3
2022;2;9;Sant Andreu;61;la Sagrera;Total. Milers d'euros;222.9
2022;2;9;Sant Andreu;62;el Congrés i els Indians;Total. Milers d'euros;304.0
2022;2;9;Sant Andreu;63;Navas;Total. Milers d'euros;284.2
2022;2;10;Sant Martí;64;el Camp de l'Arpa del Clot;Total. Milers d'euros;265.3
2022;2;10;Sant Martí;65;el Clot;Total. Milers d'euros;405.7
2022;2;10;Sant Martí;66;el Parc i la Llacuna del Poblenou;Total. Milers d'euros;496.5
2022;2;10;Sant Martí;67;la Vila Olímpica del Poblenou;Total. Milers d'euros;638.4
2022;2;10;Sant Martí;68;el Poblenou;Total. Milers d'euros;324.3
2022;2;10;Sant Martí;69;Diagonal Mar i el Front Marítim del Poblenou;Total. Milers d'euros;596.0
2022;2;10;Sant Martí;70;el Besòs i el Maresme;Total. Milers d'euros;217.4
2022;2;10;Sant Martí;71;Provençals del Poblenou;Total. Milers d'euros;282.0
2022;2;10;Sant Martí;72;Sant Martí de Provençals;Total. Milers d'euros;191.5
2022;2;10;Sant Martí;73;la Verneda i la Pau;Total. Milers d'euros;168.0
2022;2;1;Ciutat Vella;1;el Raval;Nou. Milers d'euros;395.5
2022;2;1;Ciutat Vella;2;el Barri Gòtic;Nou. Milers d'euros;326.4
2022;2;1;Ciutat Vella;3;la Barceloneta;Nou. Milers d'euros;--
2022;2;1;Ciutat Vella;4;Sant Pere, Santa Caterina i la Ribera;Nou. Milers d'euros;219.2
2022;2;2;Eixample;5;el Fort Pienc;Nou. Milers d'euros;--
2022;2;2;Eixample;6;la Sagrada Família;Nou. Milers d'euros;--
2022;2;2;Eixample;7;la Dreta de l'Eixample;Nou. Milers d'euros;741.0
2022;2;2;Eixample;8;l'Antiga Esquerra de l'Eixample;Nou. Milers d'euros;746.1
2022;2;2;Eixample;9;la Nova Esquerra de l'Eixample;Nou. Milers d'euros;360.8
2022;2;2;Eixample;10;Sant Antoni;Nou. Milers d'euros;286.3
2022;2;3;Sants-Montjuïc;11;el Poble Sec;Nou. Milers d'euros;--
2022;2;3;Sants-Montjuïc;12;la Marina del Prat Vermell;Nou. Milers d'euros;--
2022;2;3;Sants-Montjuïc;13;la Marina de Port;Nou. Milers d'euros;--
2022;2;3;Sants-Montjuïc;14;la Font de la Guatlla;Nou. Milers d'euros;446.2
2022;2;3;Sants-Montjuïc;15;Hostafrancs;Nou. Milers d'euros;316.6
2022;2;3;Sants-Montjuïc;16;la Bordeta;Nou. Milers d'euros;--
2022;2;3;Sants-Montjuïc;17;Sants - Badal;Nou. Milers d'euros;338.4
2022;2;3;Sants-Montjuïc;18;Sants;Nou. Milers d'euros;--
2022;2;4;Les Corts;19;les Corts;Nou. Milers d'euros;--
2022;2;4;Les Corts;20;la Maternitat i Sant Ramon;Nou. Milers d'euros;--
2022;2;4;Les Corts;21;Pedralbes;Nou. Milers d'euros;409.3
2022;2;5;Sarrià-Sant Gervasi;22;Vallvidrera, el Tibidabo i les Planes;Nou. Milers d'euros;--
2022;2;5;Sarrià-Sant Gervasi;23;Sarrià;Nou. Milers d'euros;3130.0
2022;2;5;Sarrià-Sant Gervasi;24;les Tres Torres;Nou. Milers d'euros;--
2022;2;5;Sarrià-Sant Gervasi;25;Sant Gervasi - la Bonanova;Nou. Milers d'euros;1263.0
2022;2;5;Sarrià-Sant Gervasi;26;Sant Gervasi - Galvany;Nou. Milers d'euros;817.0
2022;2;5;Sarrià-Sant Gervasi;27;el Putxet i el Farró;Nou. Milers d'euros;580.7
2022;2;6;Gràcia;28;Vallcarca i els Penitents;Nou. Milers d'euros;378.0
2022;2;6;Gràcia;29;el Coll;Nou. Milers d'euros;233.0
2022;2;6;Gràcia;30;la Salut;Nou. Milers d'euros;293.3
2022;2;6;Gràcia;31;la Vila de Gràcia;Nou. Milers d'euros;418.8
2022;2;6;Gràcia;32;el Camp d'en Grassot i Gràcia Nova;Nou. Milers d'euros;--
2022;2;7;Horta-Guinardó;33;el Baix Guinardó;Nou. Milers d'euros;209.4
2022;2;7;Horta-Guinardó;34;Can Baró;Nou. Milers d'euros;--
2022;2;7;Horta-Guinardó;35;el Guinardó;Nou. Milers d'euros;--
2022;2;7;Horta-Guinardó;36;la Font d'en Fargues;Nou. Milers d'euros;483.0
2022;2;7;Horta-Guinardó;37;el Carmel;Nou. Milers d'euros;189.9
2022;2;7;Horta-Guinardó;38;la Teixonera;Nou. Milers d'euros;203.9
2022;2;7;Horta-Guinardó;39;Sant Genís dels Agudells;Nou. Milers d'euros;140.0
2022;2;7;Horta-Guinardó;40;Montbau;Nou. Milers d'euros;--
2022;2;7;Horta-Guinardó;41;la Vall d'Hebron;Nou. Milers d'euros;--
2022;2;7;Horta-Guinardó;42;la Clota;Nou. Milers d'euros;--
2022;2;7;Horta-Guinardó;43;Horta;Nou. Milers d'euros;189.1
2022;2;8;Nou Barris;44;Vilapicina i la Torre Llobeta;Nou. Milers d'euros;286.3
2022;2;8;Nou Barris;45;Porta;Nou. Milers d'euros;152.7
2022;2;8;Nou Barris;46;el Turó de la Peira;Nou. Milers d'euros;--
2022;2;8;Nou Barris;47;Can Peguera;Nou. Milers d'euros;--
2022;2;8;Nou Barris;48;la Guineueta;Nou. Milers d'euros;--
2022;2;8;Nou Barris;49;Canyelles;Nou. Milers d'euros;--
2022;2;8;Nou Barris;50;les Roquetes;Nou. Milers d'euros;--
2022;2;8;Nou Barris;51;Verdun;Nou. Milers d'euros;--
2022;2;8;Nou Barris;52;la Prosperitat;Nou. Milers d'euros;--
2022;2;8;Nou Barris;53;la Trinitat Nova;Nou. Milers d'euros;--
2022;2;8;Nou Barris;54;Torre Baró;Nou. Milers d'euros;--
2022;2;8;Nou Barris;55;Ciutat Meridiana;Nou. Milers d'euros;--
2022;2;8;Nou Barris;56;Vallbona;Nou. Milers d'euros;--
2022;2;9;Sant Andreu;57;la Trinitat Vella;Nou. Milers d'euros;--
2022;2;9;Sant Andreu;58;Baró de Viver;Nou. Milers d'euros;--
2022;2;9;Sant Andreu;59;el Bon Pastor;Nou. Milers d'euros;--
2022;2;9;Sant Andreu;60;Sant Andreu;Nou. Milers d'euros;--
2022;2;9;Sant Andreu;61;la Sagrera;Nou. Milers d'euros;--
2022;2;9;Sant Andreu;62;el Congrés i els Indians;Nou. Milers d'euros;--
2022;2;9;Sant Andreu;63;Navas;Nou. Milers d'euros;--
2022;2;10;Sant Martí;64;el Camp de l'Arpa del Clot;Nou. Milers d'euros;--
2022;2;10;Sant Martí;65;el Clot;Nou. Milers d'euros;633.3
2022;2;10;Sant Martí;66;el Parc i la Llacuna del Poblenou;Nou. Milers d'euros;579.5
2022;2;10;Sant Martí;67;la Vila Olímpica del Poblenou;Nou. Milers d'euros;--
2022;2;10;Sant Martí;68;el Poblenou;Nou. Milers d'euros;410.6
2022;2;10;Sant Martí;69;Diagonal Mar i el Front Marítim del Poblenou;Nou. Milers d'euros;237.3
2022;2;10;Sant Martí;70;el Besòs i el Maresme;Nou. Milers d'euros;373.0
2022;2;10;Sant Martí;71;Provençals del Poblenou;Nou. Milers d'euros;300.9
2022;2;10;Sant Martí;72;Sant Martí de Provençals;Nou. Milers d'euros;--
2022;2;10;Sant Martí;73;la Verneda i la Pau;Nou. Milers d'euros;--
2022;2;1;Ciutat Vella;1;el Raval;Usat. Milers d'euros;254.9
2022;2;1;Ciutat Vella;2;el Barri Gòtic;Usat. Milers d'euros;404.1
2022;2;1;Ciutat Vella;3;la Barceloneta;Usat. Milers d'euros;206.4
2022;2;1;Ciutat Vella;4;Sant Pere, Santa Caterina i la Ribera;Usat. Milers d'euros;307.7
2022;2;2;Eixample;5;el Fort Pienc;Usat. Milers d'euros;370.6
2022;2;2;Eixample;6;la Sagrada Família;Usat. Milers d'euros;294.7
2022;2;2;Eixample;7;la Dreta de l'Eixample;Usat. Milers d'euros;568.5
2022;2;2;Eixample;8;l'Antiga Esquerra de l'Eixample;Usat. Milers d'euros;461.7
2022;2;2;Eixample;9;la Nova Esquerra de l'Eixample;Usat. Milers d'euros;399.2
2022;2;2;Eixample;10;Sant Antoni;Usat. Milers d'euros;362.7
2022;2;3;Sants-Montjuïc;11;el Poble Sec;Usat. Milers d'euros;253.0
2022;2;3;Sants-Montjuïc;12;la Marina del Prat Vermell;Usat. Milers d'euros;105.1
2022;2;3;Sants-Montjuïc;13;la Marina de Port;Usat. Milers d'euros;240.5
2022;2;3;Sants-Montjuïc;14;la Font de la Guatlla;Usat. Milers d'euros;277.3
2022;2;3;Sants-Montjuïc;15;Hostafrancs;Usat. Milers d'euros;284.4
2022;2;3;Sants-Montjuïc;16;la Bordeta;Usat. Milers d'euros;208.3
2022;2;3;Sants-Montjuïc;17;Sants - Badal;Usat. Milers d'euros;260.3
2022;2;3;Sants-Montjuïc;18;Sants;Usat. Milers d'euros;298.6
2022;2;4;Les Corts;19;les Corts;Usat. Milers d'euros;399.7
2022;2;4;Les Corts;20;la Maternitat i Sant Ramon;Usat. Milers d'euros;383.8
2022;2;4;Les Corts;21;Pedralbes;Usat. Milers d'euros;797.0
2022;2;5;Sarrià-Sant Gervasi;22;Vallvidrera, el Tibidabo i les Planes;Usat. Milers d'euros;620.3
2022;2;5;Sarrià-Sant Gervasi;23;Sarrià;Usat. Milers d'euros;554.9
2022;2;5;Sarrià-Sant Gervasi;24;les Tres Torres;Usat. Milers d'euros;813.8
2022;2;5;Sarrià-Sant Gervasi;25;Sant Gervasi - la Bonanova;Usat. Milers d'euros;1105.0
2022;2;5;Sarrià-Sant Gervasi;26;Sant Gervasi - Galvany;Usat. Milers d'euros;941.5
2022;2;5;Sarrià-Sant Gervasi;27;el Putxet i el Farró;Usat. Milers d'euros;463.7
2022;2;6;Gràcia;28;Vallcarca i els Penitents;Usat. Milers d'euros;385.4
2022;2;6;Gràcia;29;el Coll;Usat. Milers d'euros;181.1
2022;2;6;Gràcia;30;la Salut;Usat. Milers d'euros;341.7
2022;2;6;Gràcia;31;la Vila de Gràcia;Usat. Milers d'euros;328.5
2022;2;6;Gràcia;32;el Camp d'en Grassot i Gràcia Nova;Usat. Milers d'euros;309.9
2022;2;7;Horta-Guinardó;33;el Baix Guinardó;Usat. Milers d'euros;264.9
2022;2;7;Horta-Guinardó;34;Can Baró;Usat. Milers d'euros;219.2
2022;2;7;Horta-Guinardó;35;el Guinardó;Usat. Milers d'euros;242.6
2022;2;7;Horta-Guinardó;36;la Font d'en Fargues;Usat. Milers d'euros;262.5
2022;2;7;Horta-Guinardó;37;el Carmel;Usat. Milers d'euros;178.6
2022;2;7;Horta-Guinardó;38;la Teixonera;Usat. Milers d'euros;160.6
2022;2;7;Horta-Guinardó;39;Sant Genís dels Agudells;Usat. Milers d'euros;120.4
2022;2;7;Horta-Guinardó;40;Montbau;Usat. Milers d'euros;210.8
2022;2;7;Horta-Guinardó;41;la Vall d'Hebron;Usat. Milers d'euros;385.1
2022;2;7;Horta-Guinardó;42;la Clota;Usat. Milers d'euros;--
2022;2;7;Horta-Guinardó;43;Horta;Usat. Milers d'euros;196.8
2022;2;8;Nou Barris;44;Vilapicina i la Torre Llobeta;Usat. Milers d'euros;197.4
2022;2;8;Nou Barris;45;Porta;Usat. Milers d'euros;167.4
2022;2;8;Nou Barris;46;el Turó de la Peira;Usat. Milers d'euros;151.5
2022;2;8;Nou Barris;47;Can Peguera;Usat. Milers d'euros;142.0
2022;2;8;Nou Barris;48;la Guineueta;Usat. Milers d'euros;236.8
2022;2;8;Nou Barris;49;Canyelles;Usat. Milers d'euros;210.2
2022;2;8;Nou Barris;50;les Roquetes;Usat. Milers d'euros;102.2
2022;2;8;Nou Barris;51;Verdun;Usat. Milers d'euros;155.6
2022;2;8;Nou Barris;52;la Prosperitat;Usat. Milers d'euros;120.1
2022;2;8;Nou Barris;53;la Trinitat Nova;Usat. Milers d'euros;109.1
2022;2;8;Nou Barris;54;Torre Baró;Usat. Milers d'euros;--
2022;2;8;Nou Barris;55;Ciutat Meridiana;Usat. Milers d'euros;109.4
2022;2;8;Nou Barris;56;Vallbona;Usat. Milers d'euros;--
2022;2;9;Sant Andreu;57;la Trinitat Vella;Usat. Milers d'euros;37.5
2022;2;9;Sant Andreu;58;Baró de Viver;Usat. Milers d'euros;--
2022;2;9;Sant Andreu;59;el Bon Pastor;Usat. Milers d'euros;154.8
2022;2;9;Sant Andreu;60;Sant Andreu;Usat. Milers d'euros;285.9
2022;2;9;Sant Andreu;61;la Sagrera;Usat. Milers d'euros;222.9
2022;2;9;Sant Andreu;62;el Congrés i els Indians;Usat. Milers d'euros;304.0
2022;2;9;Sant Andreu;63;Navas;Usat. Milers d'euros;284.2
2022;2;10;Sant Martí;64;el Camp de l'Arpa del Clot;Usat. Milers d'euros;265.3
2022;2;10;Sant Martí;65;el Clot;Usat. Milers d'euros;373.2
2022;2;10;Sant Martí;66;el Parc i la Llacuna del Poblenou;Usat. Milers d'euros;327.0
2022;2;10;Sant Martí;67;la Vila Olímpica del Poblenou;Usat. Milers d'euros;652.3
2022;2;10;Sant Martí;68;el Poblenou;Usat. Milers d'euros;304.5
2022;2;10;Sant Martí;69;Diagonal Mar i el Front Marítim del Poblenou;Usat. Milers d'euros;653.8
2022;2;10;Sant Martí;70;el Besòs i el Maresme;Usat. Milers d'euros;202.1
2022;2;10;Sant Martí;71;Provençals del Poblenou;Usat. Milers d'euros;270.2
2022;2;10;Sant Martí;72;Sant Martí de Provençals;Usat. Milers d'euros;191.5
2022;2;10;Sant Martí;73;la Verneda i la Pau;Usat. Milers d'euros;169.9
2022;2;1;Ciutat Vella;1;el Raval;Total. Euros/m2 construït;3711.0
2022;2;1;Ciutat Vella;2;el Barri Gòtic;Total. Euros/m2 construït;4858.4
2022;2;1;Ciutat Vella;3;la Barceloneta;Total. Euros/m2 construït;4704.7
2022;2;1;Ciutat Vella;4;Sant Pere, Santa Caterina i la Ribera;Total. Euros/m2 construït;4335.7
2022;2;2;Eixample;5;el Fort Pienc;Total. Euros/m2 construït;4172.9
2022;2;2;Eixample;6;la Sagrada Família;Total. Euros/m2 construït;3887.0
2022;2;2;Eixample;7;la Dreta de l'Eixample;Total. Euros/m2 construït;5956.4
2022;2;2;Eixample;8;l'Antiga Esquerra de l'Eixample;Total. Euros/m2 construït;5263.5
2022;2;2;Eixample;9;la Nova Esquerra de l'Eixample;Total. Euros/m2 construït;4682.6
2022;2;2;Eixample;10;Sant Antoni;Total. Euros/m2 construït;4400.1
2022;2;3;Sants-Montjuïc;11;el Poble Sec;Total. Euros/m2 construït;3731.0
2022;2;3;Sants-Montjuïc;12;la Marina del Prat Vermell;Total. Euros/m2 construït;1336.0
2022;2;3;Sants-Montjuïc;13;la Marina de Port;Total. Euros/m2 construït;3362.3
2022;2;3;Sants-Montjuïc;14;la Font de la Guatlla;Total. Euros/m2 construït;4125.1
2022;2;3;Sants-Montjuïc;15;Hostafrancs;Total. Euros/m2 construït;4489.7
2022;2;3;Sants-Montjuïc;16;la Bordeta;Total. Euros/m2 construït;2970.0
2022;2;3;Sants-Montjuïc;17;Sants - Badal;Total. Euros/m2 construït;3966.2
2022;2;3;Sants-Montjuïc;18;Sants;Total. Euros/m2 construït;4167.7
2022;2;4;Les Corts;19;les Corts;Total. Euros/m2 construït;4547.2
2022;2;4;Les Corts;20;la Maternitat i Sant Ramon;Total. Euros/m2 construït;4147.2
2022;2;4;Les Corts;21;Pedralbes;Total. Euros/m2 construït;5119.4
2022;2;5;Sarrià-Sant Gervasi;22;Vallvidrera, el Tibidabo i les Planes;Total. Euros/m2 construït;5078.1
2022;2;5;Sarrià-Sant Gervasi;23;Sarrià;Total. Euros/m2 construït;5693.6
2022;2;5;Sarrià-Sant Gervasi;24;les Tres Torres;Total. Euros/m2 construït;5708.6
2022;2;5;Sarrià-Sant Gervasi;25;Sant Gervasi - la Bonanova;Total. Euros/m2 construït;8086.3
2022;2;5;Sarrià-Sant Gervasi;26;Sant Gervasi - Galvany;Total. Euros/m2 construït;6544.1
2022;2;5;Sarrià-Sant Gervasi;27;el Putxet i el Farró;Total. Euros/m2 construït;4970.8
2022;2;6;Gràcia;28;Vallcarca i els Penitents;Total. Euros/m2 construït;4320.3
2022;2;6;Gràcia;29;el Coll;Total. Euros/m2 construït;3013.6
2022;2;6;Gràcia;30;la Salut;Total. Euros/m2 construït;4258.9
2022;2;6;Gràcia;31;la Vila de Gràcia;Total. Euros/m2 construït;4598.3
2022;2;6;Gràcia;32;el Camp d'en Grassot i Gràcia Nova;Total. Euros/m2 construït;4413.4
2022;2;7;Horta-Guinardó;33;el Baix Guinardó;Total. Euros/m2 construït;3730.5
2022;2;7;Horta-Guinardó;34;Can Baró;Total. Euros/m2 construït;3315.5
2022;2;7;Horta-Guinardó;35;el Guinardó;Total. Euros/m2 construït;3318.1
2022;2;7;Horta-Guinardó;36;la Font d'en Fargues;Total. Euros/m2 construït;4363.3
2022;2;7;Horta-Guinardó;37;el Carmel;Total. Euros/m2 construït;3006.9
2022;2;7;Horta-Guinardó;38;la Teixonera;Total. Euros/m2 construït;2618.9
2022;2;7;Horta-Guinardó;39;Sant Genís dels Agudells;Total. Euros/m2 construït;1990.3
2022;2;7;Horta-Guinardó;40;Montbau;Total. Euros/m2 construït;3261.0
2022;2;7;Horta-Guinardó;41;la Vall d'Hebron;Total. Euros/m2 construït;4706.0
2022;2;7;Horta-Guinardó;42;la Clota;Total. Euros/m2 construït;--
2022;2;7;Horta-Guinardó;43;Horta;Total. Euros/m2 construït;3174.5
2022;2;8;Nou Barris;44;Vilapicina i la Torre Llobeta;Total. Euros/m2 construït;2855.9
2022;2;8;Nou Barris;45;Porta;Total. Euros/m2 construït;2673.4
2022;2;8;Nou Barris;46;el Turó de la Peira;Total. Euros/m2 construït;2364.9
2022;2;8;Nou Barris;47;Can Peguera;Total. Euros/m2 construït;2448.3
2022;2;8;Nou Barris;48;la Guineueta;Total. Euros/m2 construït;2996.8
2022;2;8;Nou Barris;49;Canyelles;Total. Euros/m2 construït;2715.4
2022;2;8;Nou Barris;50;les Roquetes;Total. Euros/m2 construït;1871.6
2022;2;8;Nou Barris;51;Verdun;Total. Euros/m2 construït;2305.9
2022;2;8;Nou Barris;52;la Prosperitat;Total. Euros/m2 construït;2144.4
2022;2;8;Nou Barris;53;la Trinitat Nova;Total. Euros/m2 construït;1954.6
2022;2;8;Nou Barris;54;Torre Baró;Total. Euros/m2 construït;--
2022;2;8;Nou Barris;55;Ciutat Meridiana;Total. Euros/m2 construït;1781.3
2022;2;8;Nou Barris;56;Vallbona;Total. Euros/m2 construït;--
2022;2;9;Sant Andreu;57;la Trinitat Vella;Total. Euros/m2 construït;852.3
2022;2;9;Sant Andreu;58;Baró de Viver;Total. Euros/m2 construït;--
2022;2;9;Sant Andreu;59;el Bon Pastor;Total. Euros/m2 construït;2221.4
2022;2;9;Sant Andreu;60;Sant Andreu;Total. Euros/m2 construït;3450.4
2022;2;9;Sant Andreu;61;la Sagrera;Total. Euros/m2 construït;3234.7
2022;2;9;Sant Andreu;62;el Congrés i els Indians;Total. Euros/m2 construït;4335.4
2022;2;9;Sant Andreu;63;Navas;Total. Euros/m2 construït;3676.6
2022;2;10;Sant Martí;64;el Camp de l'Arpa del Clot;Total. Euros/m2 construït;3752.8
2022;2;10;Sant Martí;65;el Clot;Total. Euros/m2 construït;3956.2
2022;2;10;Sant Martí;66;el Parc i la Llacuna del Poblenou;Total. Euros/m2 construït;5128.6
2022;2;10;Sant Martí;67;la Vila Olímpica del Poblenou;Total. Euros/m2 construït;5848.6
2022;2;10;Sant Martí;68;el Poblenou;Total. Euros/m2 construït;4675.7
2022;2;10;Sant Martí;69;Diagonal Mar i el Front Marítim del Poblenou;Total. Euros/m2 construït;6173.7
2022;2;10;Sant Martí;70;el Besòs i el Maresme;Total. Euros/m2 construït;2674.0
2022;2;10;Sant Martí;71;Provençals del Poblenou;Total. Euros/m2 construït;3739.6
2022;2;10;Sant Martí;72;Sant Martí de Provençals;Total. Euros/m2 construït;2879.9
2022;2;10;Sant Martí;73;la Verneda i la Pau;Total. Euros/m2 construït;2313.1
2022;2;1;Ciutat Vella;1;el Raval;Nou. Euros/m2 construït;5960.2
2022;2;1;Ciutat Vella;2;el Barri Gòtic;Nou. Euros/m2 construït;4297.5
2022;2;1;Ciutat Vella;3;la Barceloneta;Nou. Euros/m2 construït;--
2022;2;1;Ciutat Vella;4;Sant Pere, Santa Caterina i la Ribera;Nou. Euros/m2 construït;3604.1
2022;2;2;Eixample;5;el Fort Pienc;Nou. Euros/m2 construït;--
2022;2;2;Eixample;6;la Sagrada Família;Nou. Euros/m2 construït;--
2022;2;2;Eixample;7;la Dreta de l'Eixample;Nou. Euros/m2 construït;8880.9
2022;2;2;Eixample;8;l'Antiga Esquerra de l'Eixample;Nou. Euros/m2 construït;7305.5
2022;2;2;Eixample;9;la Nova Esquerra de l'Eixample;Nou. Euros/m2 construït;4851.8
2022;2;2;Eixample;10;Sant Antoni;Nou. Euros/m2 construït;3943.3
2022;2;3;Sants-Montjuïc;11;el Poble Sec;Nou. Euros/m2 construït;--
2022;2;3;Sants-Montjuïc;12;la Marina del Prat Vermell;Nou. Euros/m2 construït;--
2022;2;3;Sants-Montjuïc;13;la Marina de Port;Nou. Euros/m2 construït;--
2022;2;3;Sants-Montjuïc;14;la Font de la Guatlla;Nou. Euros/m2 construït;5462.5
2022;2;3;Sants-Montjuïc;15;Hostafrancs;Nou. Euros/m2 construït;4897.1
2022;2;3;Sants-Montjuïc;16;la Bordeta;Nou. Euros/m2 construït;--
2022;2;3;Sants-Montjuïc;17;Sants - Badal;Nou. Euros/m2 construït;4326.6
2022;2;3;Sants-Montjuïc;18;Sants;Nou. Euros/m2 construït;--
2022;2;4;Les Corts;19;les Corts;Nou. Euros/m2 construït;--
2022;2;4;Les Corts;20;la Maternitat i Sant Ramon;Nou. Euros/m2 construït;--
2022;2;4;Les Corts;21;Pedralbes;Nou. Euros/m2 construït;4005.1
2022;2;5;Sarrià-Sant Gervasi;22;Vallvidrera, el Tibidabo i les Planes;Nou. Euros/m2 construït;--
2022;2;5;Sarrià-Sant Gervasi;23;Sarrià;Nou. Euros/m2 construït;6885.9
2022;2;5;Sarrià-Sant Gervasi;24;les Tres Torres;Nou. Euros/m2 construït;--
2022;2;5;Sarrià-Sant Gervasi;25;Sant Gervasi - la Bonanova;Nou. Euros/m2 construït;7136.2
2022;2;5;Sarrià-Sant Gervasi;26;Sant Gervasi - Galvany;Nou. Euros/m2 construït;5878.9
2022;2;5;Sarrià-Sant Gervasi;27;el Putxet i el Farró;Nou. Euros/m2 construït;7662.3
2022;2;6;Gràcia;28;Vallcarca i els Penitents;Nou. Euros/m2 construït;4283.6
2022;2;6;Gràcia;29;el Coll;Nou. Euros/m2 construït;2910.3
2022;2;6;Gràcia;30;la Salut;Nou. Euros/m2 construït;3012.5
2022;2;6;Gràcia;31;la Vila de Gràcia;Nou. Euros/m2 construït;4176.9
2022;2;6;Gràcia;32;el Camp d'en Grassot i Gràcia Nova;Nou. Euros/m2 construït;--
2022;2;7;Horta-Guinardó;33;el Baix Guinardó;Nou. Euros/m2 construït;3065.1
2022;2;7;Horta-Guinardó;34;Can Baró;Nou. Euros/m2 construït;--
2022;2;7;Horta-Guinardó;35;el Guinardó;Nou. Euros/m2 construït;--
2022;2;7;Horta-Guinardó;36;la Font d'en Fargues;Nou. Euros/m2 construït;5511.6
2022;2;7;Horta-Guinardó;37;el Carmel;Nou. Euros/m2 construït;3434.7
2022;2;7;Horta-Guinardó;38;la Teixonera;Nou. Euros/m2 construït;3046.7
2022;2;7;Horta-Guinardó;39;Sant Genís dels Agudells;Nou. Euros/m2 construït;2131.7
2022;2;7;Horta-Guinardó;40;Montbau;Nou. Euros/m2 construït;--
2022;2;7;Horta-Guinardó;41;la Vall d'Hebron;Nou. Euros/m2 construït;--
2022;2;7;Horta-Guinardó;42;la Clota;Nou. Euros/m2 construït;--
2022;2;7;Horta-Guinardó;43;Horta;Nou. Euros/m2 construït;3390.7
2022;2;8;Nou Barris;44;Vilapicina i la Torre Llobeta;Nou. Euros/m2 construït;3557.7
2022;2;8;Nou Barris;45;Porta;Nou. Euros/m2 construït;2302.3
2022;2;8;Nou Barris;46;el Turó de la Peira;Nou. Euros/m2 construït;--
2022;2;8;Nou Barris;47;Can Peguera;Nou. Euros/m2 construït;--
2022;2;8;Nou Barris;48;la Guineueta;Nou. Euros/m2 construït;--
2022;2;8;Nou Barris;49;Canyelles;Nou. Euros/m2 construït;--
2022;2;8;Nou Barris;50;les Roquetes;Nou. Euros/m2 construït;--
2022;2;8;Nou Barris;51;Verdun;Nou. Euros/m2 construït;--
2022;2;8;Nou Barris;52;la Prosperitat;Nou. Euros/m2 construït;--
2022;2;8;Nou Barris;53;la Trinitat Nova;Nou. Euros/m2 construït;--
2022;2;8;Nou Barris;54;Torre Baró;Nou. Euros/m2 construït;--
2022;2;8;Nou Barris;55;Ciutat Meridiana;Nou. Euros/m2 construït;--
2022;2;8;Nou Barris;56;Vallbona;Nou. Euros/m2 construït;--
2022;2;9;Sant Andreu;57;la Trinitat Vella;Nou. Euros/m2 construït;--
2022;2;9;Sant Andreu;58;Baró de Viver;Nou. Euros/m2 construït;--
2022;2;9;Sant Andreu;59;el Bon Pastor;Nou. Euros/m2 construït;--
2022;2;9;Sant Andreu;60;Sant Andreu;Nou. Euros/m2 construït;--
2022;2;9;Sant Andreu;61;la Sagrera;Nou. Euros/m2 construït;--
2022;2;9;Sant Andreu;62;el Congrés i els Indians;Nou. Euros/m2 construït;--
2022;2;9;Sant Andreu;63;Navas;Nou. Euros/m2 construït;--
2022;2;10;Sant Martí;64;el Camp de l'Arpa del Clot;Nou. Euros/m2 construït;--
2022;2;10;Sant Martí;65;el Clot;Nou. Euros/m2 construït;5170.2
2022;2;10;Sant Martí;66;el Parc i la Llacuna del Poblenou;Nou. Euros/m2 construït;5632.8
2022;2;10;Sant Martí;67;la Vila Olímpica del Poblenou;Nou. Euros/m2 construït;--
2022;2;10;Sant Martí;68;el Poblenou;Nou. Euros/m2 construït;5266.5
2022;2;10;Sant Martí;69;Diagonal Mar i el Front Marítim del Poblenou;Nou. Euros/m2 construït;3444.3
2022;2;10;Sant Martí;70;el Besòs i el Maresme;Nou. Euros/m2 construït;5001.5
2022;2;10;Sant Martí;71;Provençals del Poblenou;Nou. Euros/m2 construït;3722.3
2022;2;10;Sant Martí;72;Sant Martí de Provençals;Nou. Euros/m2 construït;--
2022;2;10;Sant Martí;73;la Verneda i la Pau;Nou. Euros/m2 construït;--
2022;2;1;Ciutat Vella;1;el Raval;Usat. Euros/m2 construït;3632.6
2022;2;1;Ciutat Vella;2;el Barri Gòtic;Usat. Euros/m2 construït;4919.5
2022;2;1;Ciutat Vella;3;la Barceloneta;Usat. Euros/m2 construït;4704.7
2022;2;1;Ciutat Vella;4;Sant Pere, Santa Caterina i la Ribera;Usat. Euros/m2 construït;4371.1
2022;2;2;Eixample;5;el Fort Pienc;Usat. Euros/m2 construït;4208.9
2022;2;2;Eixample;6;la Sagrada Família;Usat. Euros/m2 construït;3887.0
2022;2;2;Eixample;7;la Dreta de l'Eixample;Usat. Euros/m2 construït;5657.1
2022;2;2;Eixample;8;l'Antiga Esquerra de l'Eixample;Usat. Euros/m2 construït;5129.9
2022;2;2;Eixample;9;la Nova Esquerra de l'Eixample;Usat. Euros/m2 construït;4634.2
2022;2;2;Eixample;10;Sant Antoni;Usat. Euros/m2 construït;4448.2
2022;2;3;Sants-Montjuïc;11;el Poble Sec;Usat. Euros/m2 construït;3612.2
2022;2;3;Sants-Montjuïc;12;la Marina del Prat Vermell;Usat. Euros/m2 construït;1336.0
2022;2;3;Sants-Montjuïc;13;la Marina de Port;Usat. Euros/m2 construït;3425.7
2022;2;3;Sants-Montjuïc;14;la Font de la Guatlla;Usat. Euros/m2 construït;3530.6
2022;2;3;Sants-Montjuïc;15;Hostafrancs;Usat. Euros/m2 construït;4376.6
2022;2;3;Sants-Montjuïc;16;la Bordeta;Usat. Euros/m2 construït;2745.3
2022;2;3;Sants-Montjuïc;17;Sants - Badal;Usat. Euros/m2 construït;3575.8
2022;2;3;Sants-Montjuïc;18;Sants;Usat. Euros/m2 construït;4176.9
2022;2;4;Les Corts;19;les Corts;Usat. Euros/m2 construït;4516.4
2022;2;4;Les Corts;20;la Maternitat i Sant Ramon;Usat. Euros/m2 construït;4147.2
2022;2;4;Les Corts;21;Pedralbes;Usat. Euros/m2 construït;5408.3
2022;2;5;Sarrià-Sant Gervasi;22;Vallvidrera, el Tibidabo i les Planes;Usat. Euros/m2 construït;5078.1
2022;2;5;Sarrià-Sant Gervasi;23;Sarrià;Usat. Euros/m2 construït;5561.1
2022;2;5;Sarrià-Sant Gervasi;24;les Tres Torres;Usat. Euros/m2 construït;5573.7
2022;2;5;Sarrià-Sant Gervasi;25;Sant Gervasi - la Bonanova;Usat. Euros/m2 construït;8361.3
2022;2;5;Sarrià-Sant Gervasi;26;Sant Gervasi - Galvany;Usat. Euros/m2 construït;6663.5
2022;2;5;Sarrià-Sant Gervasi;27;el Putxet i el Farró;Usat. Euros/m2 construït;4763.7
2022;2;6;Gràcia;28;Vallcarca i els Penitents;Usat. Euros/m2 construït;4329.1
2022;2;6;Gràcia;29;el Coll;Usat. Euros/m2 construït;3057.9
2022;2;6;Gràcia;30;la Salut;Usat. Euros/m2 construït;4392.4
2022;2;6;Gràcia;31;la Vila de Gràcia;Usat. Euros/m2 construït;4613.8
2022;2;6;Gràcia;32;el Camp d'en Grassot i Gràcia Nova;Usat. Euros/m2 construït;4413.4
2022;2;7;Horta-Guinardó;33;el Baix Guinardó;Usat. Euros/m2 construït;3860.3
2022;2;7;Horta-Guinardó;34;Can Baró;Usat. Euros/m2 construït;3291.8
2022;2;7;Horta-Guinardó;35;el Guinardó;Usat. Euros/m2 construït;3329.9
2022;2;7;Horta-Guinardó;36;la Font d'en Fargues;Usat. Euros/m2 construït;3342.7
2022;2;7;Horta-Guinardó;37;el Carmel;Usat. Euros/m2 construït;2845.6
2022;2;7;Horta-Guinardó;38;la Teixonera;Usat. Euros/m2 construït;2362.2
2022;2;7;Horta-Guinardó;39;Sant Genís dels Agudells;Usat. Euros/m2 construït;1958.8
2022;2;7;Horta-Guinardó;40;Montbau;Usat. Euros/m2 construït;3261.0
2022;2;7;Horta-Guinardó;41;la Vall d'Hebron;Usat. Euros/m2 construït;4706.0
2022;2;7;Horta-Guinardó;42;la Clota;Usat. Euros/m2 construït;--
2022;2;7;Horta-Guinardó;43;Horta;Usat. Euros/m2 construït;3117.6
2022;2;8;Nou Barris;44;Vilapicina i la Torre Llobeta;Usat. Euros/m2 construït;2773.3
2022;2;8;Nou Barris;45;Porta;Usat. Euros/m2 construït;2784.7
2022;2;8;Nou Barris;46;el Turó de la Peira;Usat. Euros/m2 construït;2364.9
2022;2;8;Nou Barris;47;Can Peguera;Usat. Euros/m2 construït;2448.3
2022;2;8;Nou Barris;48;la Guineueta;Usat. Euros/m2 construït;2996.8
2022;2;8;Nou Barris;49;Canyelles;Usat. Euros/m2 construït;2715.4
2022;2;8;Nou Barris;50;les Roquetes;Usat. Euros/m2 construït;1871.6
2022;2;8;Nou Barris;51;Verdun;Usat. Euros/m2 construït;2247.5
2022;2;8;Nou Barris;52;la Prosperitat;Usat. Euros/m2 construït;2144.4
2022;2;8;Nou Barris;53;la Trinitat Nova;Usat. Euros/m2 construït;1954.6
2022;2;8;Nou Barris;54;Torre Baró;Usat. Euros/m2 construït;--
2022;2;8;Nou Barris;55;Ciutat Meridiana;Usat. Euros/m2 construït;1781.3
2022;2;8;Nou Barris;56;Vallbona;Usat. Euros/m2 construït;--
2022;2;9;Sant Andreu;57;la Trinitat Vella;Usat. Euros/m2 construït;852.3
2022;2;9;Sant Andreu;58;Baró de Viver;Usat. Euros/m2 construït;--
2022;2;9;Sant Andreu;59;el Bon Pastor;Usat. Euros/m2 construït;2221.4
2022;2;9;Sant Andreu;60;Sant Andreu;Usat. Euros/m2 construït;3775.6
2022;2;9;Sant Andreu;61;la Sagrera;Usat. Euros/m2 construït;3234.7
2022;2;9;Sant Andreu;62;el Congrés i els Indians;Usat. Euros/m2 construït;4335.4
2022;2;9;Sant Andreu;63;Navas;Usat. Euros/m2 construït;3676.6
2022;2;10;Sant Martí;64;el Camp de l'Arpa del Clot;Usat. Euros/m2 construït;3752.8
2022;2;10;Sant Martí;65;el Clot;Usat. Euros/m2 construït;3782.8
2022;2;10;Sant Martí;66;el Parc i la Llacuna del Poblenou;Usat. Euros/m2 construït;4098.2
2022;2;10;Sant Martí;67;la Vila Olímpica del Poblenou;Usat. Euros/m2 construït;5984.7
2022;2;10;Sant Martí;68;el Poblenou;Usat. Euros/m2 construït;4540.0
2022;2;10;Sant Martí;69;Diagonal Mar i el Front Marítim del Poblenou;Usat. Euros/m2 construït;6613.9
2022;2;10;Sant Martí;70;el Besòs i el Maresme;Usat. Euros/m2 construït;2445.1
2022;2;10;Sant Martí;71;Provençals del Poblenou;Usat. Euros/m2 construït;3750.3
2022;2;10;Sant Martí;72;Sant Martí de Provençals;Usat. Euros/m2 construït;2879.9
2022;2;10;Sant Martí;73;la Verneda i la Pau;Usat. Euros/m2 construït;2319.5
2022;3;1;Ciutat Vella;1;el Raval;Total. Milers d'euros;197.8
2022;3;1;Ciutat Vella;2;el Barri Gòtic;Total. Milers d'euros;429.0
2022;3;1;Ciutat Vella;3;la Barceloneta;Total. Milers d'euros;237.7
2022;3;1;Ciutat Vella;4;Sant Pere, Santa Caterina i la Ribera;Total. Milers d'euros;284.0
2022;3;2;Eixample;5;el Fort Pienc;Total. Milers d'euros;344.9
2022;3;2;Eixample;6;la Sagrada Família;Total. Milers d'euros;307.1
2022;3;2;Eixample;7;la Dreta de l'Eixample;Total. Milers d'euros;706.1
2022;3;2;Eixample;8;l'Antiga Esquerra de l'Eixample;Total. Milers d'euros;575.3
2022;3;2;Eixample;9;la Nova Esquerra de l'Eixample;Total. Milers d'euros;390.0
2022;3;2;Eixample;10;Sant Antoni;Total. Milers d'euros;336.6
2022;3;3;Sants-Montjuïc;11;el Poble Sec;Total. Milers d'euros;215.9
2022;3;3;Sants-Montjuïc;12;la Marina del Prat Vermell;Total. Milers d'euros;38.6
2022;3;3;Sants-Montjuïc;13;la Marina de Port;Total. Milers d'euros;220.5
2022;3;3;Sants-Montjuïc;14;la Font de la Guatlla;Total. Milers d'euros;221.3
2022;3;3;Sants-Montjuïc;15;Hostafrancs;Total. Milers d'euros;259.6
2022;3;3;Sants-Montjuïc;16;la Bordeta;Total. Milers d'euros;158.5
2022;3;3;Sants-Montjuïc;17;Sants - Badal;Total. Milers d'euros;193.9
2022;3;3;Sants-Montjuïc;18;Sants;Total. Milers d'euros;272.8
2022;3;4;Les Corts;19;les Corts;Total. Milers d'euros;445.8
2022;3;4;Les Corts;20;la Maternitat i Sant Ramon;Total. Milers d'euros;382.6
2022;3;4;Les Corts;21;Pedralbes;Total. Milers d'euros;1039.7
2022;3;5;Sarrià-Sant Gervasi;22;Vallvidrera, el Tibidabo i les Planes;Total. Milers d'euros;413.5
2022;3;5;Sarrià-Sant Gervasi;23;Sarrià;Total. Milers d'euros;729.8
2022;3;5;Sarrià-Sant Gervasi;24;les Tres Torres;Total. Milers d'euros;1129.3
2022;3;5;Sarrià-Sant Gervasi;25;Sant Gervasi - la Bonanova;Total. Milers d'euros;727.7
2022;3;5;Sarrià-Sant Gervasi;26;Sant Gervasi - Galvany;Total. Milers d'euros;891.0
2022;3;5;Sarrià-Sant Gervasi;27;el Putxet i el Farró;Total. Milers d'euros;537.5
2022;3;6;Gràcia;28;Vallcarca i els Penitents;Total. Milers d'euros;385.5
2022;3;6;Gràcia;29;el Coll;Total. Milers d'euros;296.5
2022;3;6;Gràcia;30;la Salut;Total. Milers d'euros;358.2
2022;3;6;Gràcia;31;la Vila de Gràcia;Total. Milers d'euros;365.2
2022;3;6;Gràcia;32;el Camp d'en Grassot i Gràcia Nova;Total. Milers d'euros;356.3
2022;3;7;Horta-Guinardó;33;el Baix Guinardó;Total. Milers d'euros;256.6
2022;3;7;Horta-Guinardó;34;Can Baró;Total. Milers d'euros;245.6
2022;3;7;Horta-Guinardó;35;el Guinardó;Total. Milers d'euros;271.6
2022;3;7;Horta-Guinardó;36;la Font d'en Fargues;Total. Milers d'euros;329.9
2022;3;7;Horta-Guinardó;37;el Carmel;Total. Milers d'euros;204.0
2022;3;7;Horta-Guinardó;38;la Teixonera;Total. Milers d'euros;209.7
2022;3;7;Horta-Guinardó;39;Sant Genís dels Agudells;Total. Milers d'euros;200.9
2022;3;7;Horta-Guinardó;40;Montbau;Total. Milers d'euros;161.3
2022;3;7;Horta-Guinardó;41;la Vall d'Hebron;Total. Milers d'euros;259.5
2022;3;7;Horta-Guinardó;42;la Clota;Total. Milers d'euros;200.0
2022;3;7;Horta-Guinardó;43;Horta;Total. Milers d'euros;299.2
2022;3;8;Nou Barris;44;Vilapicina i la Torre Llobeta;Total. Milers d'euros;227.0
2022;3;8;Nou Barris;45;Porta;Total. Milers d'euros;181.5
2022;3;8;Nou Barris;46;el Turó de la Peira;Total. Milers d'euros;141.2
2022;3;8;Nou Barris;47;Can Peguera;Total. Milers d'euros;--
2022;3;8;Nou Barris;48;la Guineueta;Total. Milers d'euros;216.7
2022;3;8;Nou Barris;49;Canyelles;Total. Milers d'euros;167.5
2022;3;8;Nou Barris;50;les Roquetes;Total. Milers d'euros;135.2
2022;3;8;Nou Barris;51;Verdun;Total. Milers d'euros;161.6
2022;3;8;Nou Barris;52;la Prosperitat;Total. Milers d'euros;177.2
2022;3;8;Nou Barris;53;la Trinitat Nova;Total. Milers d'euros;108.0
2022;3;8;Nou Barris;54;Torre Baró;Total. Milers d'euros;145.0
2022;3;8;Nou Barris;55;Ciutat Meridiana;Total. Milers d'euros;118.6
2022;3;8;Nou Barris;56;Vallbona;Total. Milers d'euros;--
2022;3;9;Sant Andreu;57;la Trinitat Vella;Total. Milers d'euros;114.3
2022;3;9;Sant Andreu;58;Baró de Viver;Total. Milers d'euros;--
2022;3;9;Sant Andreu;59;el Bon Pastor;Total. Milers d'euros;165.5
2022;3;9;Sant Andreu;60;Sant Andreu;Total. Milers d'euros;325.5
2022;3;9;Sant Andreu;61;la Sagrera;Total. Milers d'euros;225.5
2022;3;9;Sant Andreu;62;el Congrés i els Indians;Total. Milers d'euros;--
2022;3;9;Sant Andreu;63;Navas;Total. Milers d'euros;233.9
2022;3;10;Sant Martí;64;el Camp de l'Arpa del Clot;Total. Milers d'euros;293.6
2022;3;10;Sant Martí;65;el Clot;Total. Milers d'euros;282.0
2022;3;10;Sant Martí;66;el Parc i la Llacuna del Poblenou;Total. Milers d'euros;451.1
2022;3;10;Sant Martí;67;la Vila Olímpica del Poblenou;Total. Milers d'euros;650.7
2022;3;10;Sant Martí;68;el Poblenou;Total. Milers d'euros;346.0
2022;3;10;Sant Martí;69;Diagonal Mar i el Front Marítim del Poblenou;Total. Milers d'euros;559.8
2022;3;10;Sant Martí;70;el Besòs i el Maresme;Total. Milers d'euros;295.9
2022;3;10;Sant Martí;71;Provençals del Poblenou;Total. Milers d'euros;291.9
2022;3;10;Sant Martí;72;Sant Martí de Provençals;Total. Milers d'euros;203.6
2022;3;10;Sant Martí;73;la Verneda i la Pau;Total. Milers d'euros;172.6
2022;3;1;Ciutat Vella;1;el Raval;Nou. Milers d'euros;--
2022;3;1;Ciutat Vella;2;el Barri Gòtic;Nou. Milers d'euros;483.0
2022;3;1;Ciutat Vella;3;la Barceloneta;Nou. Milers d'euros;--
2022;3;1;Ciutat Vella;4;Sant Pere, Santa Caterina i la Ribera;Nou. Milers d'euros;--
2022;3;2;Eixample;5;el Fort Pienc;Nou. Milers d'euros;--
2022;3;2;Eixample;6;la Sagrada Família;Nou. Milers d'euros;--
2022;3;2;Eixample;7;la Dreta de l'Eixample;Nou. Milers d'euros;910.1
2022;3;2;Eixample;8;l'Antiga Esquerra de l'Eixample;Nou. Milers d'euros;1084.1
2022;3;2;Eixample;9;la Nova Esquerra de l'Eixample;Nou. Milers d'euros;438.0
2022;3;2;Eixample;10;Sant Antoni;Nou. Milers d'euros;--
2022;3;3;Sants-Montjuïc;11;el Poble Sec;Nou. Milers d'euros;--
2022;3;3;Sants-Montjuïc;12;la Marina del Prat Vermell;Nou. Milers d'euros;--
2022;3;3;Sants-Montjuïc;13;la Marina de Port;Nou. Milers d'euros;188.8
2022;3;3;Sants-Montjuïc;14;la Font de la Guatlla;Nou. Milers d'euros;226.0
2022;3;3;Sants-Montjuïc;15;Hostafrancs;Nou. Milers d'euros;293.4
2022;3;3;Sants-Montjuïc;16;la Bordeta;Nou. Milers d'euros;--
2022;3;3;Sants-Montjuïc;17;Sants - Badal;Nou. Milers d'euros;--
2022;3;3;Sants-Montjuïc;18;Sants;Nou. Milers d'euros;--
2022;3;4;Les Corts;19;les Corts;Nou. Milers d'euros;751.4
2022;3;4;Les Corts;20;la Maternitat i Sant Ramon;Nou. Milers d'euros;--
2022;3;4;Les Corts;21;Pedralbes;Nou. Milers d'euros;441.0
2022;3;5;Sarrià-Sant Gervasi;22;Vallvidrera, el Tibidabo i les Planes;Nou. Milers d'euros;--
2022;3;5;Sarrià-Sant Gervasi;23;Sarrià;Nou. Milers d'euros;637.4
2022;3;5;Sarrià-Sant Gervasi;24;les Tres Torres;Nou. Milers d'euros;315.4
2022;3;5;Sarrià-Sant Gervasi;25;Sant Gervasi - la Bonanova;Nou. Milers d'euros;537.1
2022;3;5;Sarrià-Sant Gervasi;26;Sant Gervasi - Galvany;Nou. Milers d'euros;772.6
2022;3;5;Sarrià-Sant Gervasi;27;el Putxet i el Farró;Nou. Milers d'euros;257.1
2022;3;6;Gràcia;28;Vallcarca i els Penitents;Nou. Milers d'euros;572.3
2022;3;6;Gràcia;29;el Coll;Nou. Milers d'euros;361.5
2022;3;6;Gràcia;30;la Salut;Nou. Milers d'euros;--
2022;3;6;Gràcia;31;la Vila de Gràcia;Nou. Milers d'euros;219.3
2022;3;6;Gràcia;32;el Camp d'en Grassot i Gràcia Nova;Nou. Milers d'euros;--
2022;3;7;Horta-Guinardó;33;el Baix Guinardó;Nou. Milers d'euros;177.7
2022;3;7;Horta-Guinardó;34;Can Baró;Nou. Milers d'euros;--
2022;3;7;Horta-Guinardó;35;el Guinardó;Nou. Milers d'euros;422.5
2022;3;7;Horta-Guinardó;36;la Font d'en Fargues;Nou. Milers d'euros;--
2022;3;7;Horta-Guinardó;37;el Carmel;Nou. Milers d'euros;240.8
2022;3;7;Horta-Guinardó;38;la Teixonera;Nou. Milers d'euros;312.6
2022;3;7;Horta-Guinardó;39;Sant Genís dels Agudells;Nou. Milers d'euros;--
2022;3;7;Horta-Guinardó;40;Montbau;Nou. Milers d'euros;--
2022;3;7;Horta-Guinardó;41;la Vall d'Hebron;Nou. Milers d'euros;--
2022;3;7;Horta-Guinardó;42;la Clota;Nou. Milers d'euros;--
2022;3;7;Horta-Guinardó;43;Horta;Nou. Milers d'euros;358.4
2022;3;8;Nou Barris;44;Vilapicina i la Torre Llobeta;Nou. Milers d'euros;--
2022;3;8;Nou Barris;45;Porta;Nou. Milers d'euros;218.8
2022;3;8;Nou Barris;46;el Turó de la Peira;Nou. Milers d'euros;--
2022;3;8;Nou Barris;47;Can Peguera;Nou. Milers d'euros;--
2022;3;8;Nou Barris;48;la Guineueta;Nou. Milers d'euros;--
2022;3;8;Nou Barris;49;Canyelles;Nou. Milers d'euros;--
2022;3;8;Nou Barris;50;les Roquetes;Nou. Milers d'euros;--
2022;3;8;Nou Barris;51;Verdun;Nou. Milers d'euros;--
2022;3;8;Nou Barris;52;la Prosperitat;Nou. Milers d'euros;--
2022;3;8;Nou Barris;53;la Trinitat Nova;Nou. Milers d'euros;--
2022;3;8;Nou Barris;54;Torre Baró;Nou. Milers d'euros;--
2022;3;8;Nou Barris;55;Ciutat Meridiana;Nou. Milers d'euros;--
2022;3;8;Nou Barris;56;Vallbona;Nou. Milers d'euros;--
2022;3;9;Sant Andreu;57;la Trinitat Vella;Nou. Milers d'euros;--
2022;3;9;Sant Andreu;58;Baró de Viver;Nou. Milers d'euros;--
2022;3;9;Sant Andreu;59;el Bon Pastor;Nou. Milers d'euros;--
2022;3;9;Sant Andreu;60;Sant Andreu;Nou. Milers d'euros;--
2022;3;9;Sant Andreu;61;la Sagrera;Nou. Milers d'euros;--
2022;3;9;Sant Andreu;62;el Congrés i els Indians;Nou. Milers d'euros;--
2022;3;9;Sant Andreu;63;Navas;Nou. Milers d'euros;--
2022;3;10;Sant Martí;64;el Camp de l'Arpa del Clot;Nou. Milers d'euros;--
2022;3;10;Sant Martí;65;el Clot;Nou. Milers d'euros;--
2022;3;10;Sant Martí;66;el Parc i la Llacuna del Poblenou;Nou. Milers d'euros;525.6
2022;3;10;Sant Martí;67;la Vila Olímpica del Poblenou;Nou. Milers d'euros;--
2022;3;10;Sant Martí;68;el Poblenou;Nou. Milers d'euros;387.6
2022;3;10;Sant Martí;69;Diagonal Mar i el Front Marítim del Poblenou;Nou. Milers d'euros;285.3
2022;3;10;Sant Martí;70;el Besòs i el Maresme;Nou. Milers d'euros;313.3
2022;3;10;Sant Martí;71;Provençals del Poblenou;Nou. Milers d'euros;185.8
2022;3;10;Sant Martí;72;Sant Martí de Provençals;Nou. Milers d'euros;--
2022;3;10;Sant Martí;73;la Verneda i la Pau;Nou. Milers d'euros;--
2022;3;1;Ciutat Vella;1;el Raval;Usat. Milers d'euros;197.8
2022;3;1;Ciutat Vella;2;el Barri Gòtic;Usat. Milers d'euros;408.6
2022;3;1;Ciutat Vella;3;la Barceloneta;Usat. Milers d'euros;239.9
2022;3;1;Ciutat Vella;4;Sant Pere, Santa Caterina i la Ribera;Usat. Milers d'euros;286.1
2022;3;2;Eixample;5;el Fort Pienc;Usat. Milers d'euros;344.9
2022;3;2;Eixample;6;la Sagrada Família;Usat. Milers d'euros;306.8
2022;3;2;Eixample;7;la Dreta de l'Eixample;Usat. Milers d'euros;648.1
2022;3;2;Eixample;8;l'Antiga Esquerra de l'Eixample;Usat. Milers d'euros;523.9
2022;3;2;Eixample;9;la Nova Esquerra de l'Eixample;Usat. Milers d'euros;383.7
2022;3;2;Eixample;10;Sant Antoni;Usat. Milers d'euros;338.9
2022;3;3;Sants-Montjuïc;11;el Poble Sec;Usat. Milers d'euros;215.9
2022;3;3;Sants-Montjuïc;12;la Marina del Prat Vermell;Usat. Milers d'euros;38.6
2022;3;3;Sants-Montjuïc;13;la Marina de Port;Usat. Milers d'euros;223.7
2022;3;3;Sants-Montjuïc;14;la Font de la Guatlla;Usat. Milers d'euros;217.7
2022;3;3;Sants-Montjuïc;15;Hostafrancs;Usat. Milers d'euros;249.8
2022;3;3;Sants-Montjuïc;16;la Bordeta;Usat. Milers d'euros;158.5
2022;3;3;Sants-Montjuïc;17;Sants - Badal;Usat. Milers d'euros;193.9
2022;3;3;Sants-Montjuïc;18;Sants;Usat. Milers d'euros;276.0
2022;3;4;Les Corts;19;les Corts;Usat. Milers d'euros;420.3
2022;3;4;Les Corts;20;la Maternitat i Sant Ramon;Usat. Milers d'euros;382.6
2022;3;4;Les Corts;21;Pedralbes;Usat. Milers d'euros;1128.4
2022;3;5;Sarrià-Sant Gervasi;22;Vallvidrera, el Tibidabo i les Planes;Usat. Milers d'euros;422.9
2022;3;5;Sarrià-Sant Gervasi;23;Sarrià;Usat. Milers d'euros;739.9
2022;3;5;Sarrià-Sant Gervasi;24;les Tres Torres;Usat. Milers d'euros;1205.6
2022;3;5;Sarrià-Sant Gervasi;25;Sant Gervasi - la Bonanova;Usat. Milers d'euros;767.3
2022;3;5;Sarrià-Sant Gervasi;26;Sant Gervasi - Galvany;Usat. Milers d'euros;914.1
2022;3;5;Sarrià-Sant Gervasi;27;el Putxet i el Farró;Usat. Milers d'euros;550.6
2022;3;6;Gràcia;28;Vallcarca i els Penitents;Usat. Milers d'euros;363.6
2022;3;6;Gràcia;29;el Coll;Usat. Milers d'euros;276.5
2022;3;6;Gràcia;30;la Salut;Usat. Milers d'euros;349.1
2022;3;6;Gràcia;31;la Vila de Gràcia;Usat. Milers d'euros;391.8
2022;3;6;Gràcia;32;el Camp d'en Grassot i Gràcia Nova;Usat. Milers d'euros;356.3
2022;3;7;Horta-Guinardó;33;el Baix Guinardó;Usat. Milers d'euros;266.4
2022;3;7;Horta-Guinardó;34;Can Baró;Usat. Milers d'euros;245.6
2022;3;7;Horta-Guinardó;35;el Guinardó;Usat. Milers d'euros;264.5
2022;3;7;Horta-Guinardó;36;la Font d'en Fargues;Usat. Milers d'euros;318.5
2022;3;7;Horta-Guinardó;37;el Carmel;Usat. Milers d'euros;190.5
2022;3;7;Horta-Guinardó;38;la Teixonera;Usat. Milers d'euros;168.5
2022;3;7;Horta-Guinardó;39;Sant Genís dels Agudells;Usat. Milers d'euros;211.0
2022;3;7;Horta-Guinardó;40;Montbau;Usat. Milers d'euros;175.0
2022;3;7;Horta-Guinardó;41;la Vall d'Hebron;Usat. Milers d'euros;259.8
2022;3;7;Horta-Guinardó;42;la Clota;Usat. Milers d'euros;200.0
2022;3;7;Horta-Guinardó;43;Horta;Usat. Milers d'euros;261.6
2022;3;8;Nou Barris;44;Vilapicina i la Torre Llobeta;Usat. Milers d'euros;222.9
2022;3;8;Nou Barris;45;Porta;Usat. Milers d'euros;170.8
2022;3;8;Nou Barris;46;el Turó de la Peira;Usat. Milers d'euros;137.9
2022;3;8;Nou Barris;47;Can Peguera;Usat. Milers d'euros;--
2022;3;8;Nou Barris;48;la Guineueta;Usat. Milers d'euros;216.7
2022;3;8;Nou Barris;49;Canyelles;Usat. Milers d'euros;167.5
2022;3;8;Nou Barris;50;les Roquetes;Usat. Milers d'euros;135.2
2022;3;8;Nou Barris;51;Verdun;Usat. Milers d'euros;161.6
2022;3;8;Nou Barris;52;la Prosperitat;Usat. Milers d'euros;177.2
2022;3;8;Nou Barris;53;la Trinitat Nova;Usat. Milers d'euros;108.0
2022;3;8;Nou Barris;54;Torre Baró;Usat. Milers d'euros;145.0
2022;3;8;Nou Barris;55;Ciutat Meridiana;Usat. Milers d'euros;118.6
2022;3;8;Nou Barris;56;Vallbona;Usat. Milers d'euros;--
2022;3;9;Sant Andreu;57;la Trinitat Vella;Usat. Milers d'euros;114.3
2022;3;9;Sant Andreu;58;Baró de Viver;Usat. Milers d'euros;--
2022;3;9;Sant Andreu;59;el Bon Pastor;Usat. Milers d'euros;165.5
2022;3;9;Sant Andreu;60;Sant Andreu;Usat. Milers d'euros;327.4
2022;3;9;Sant Andreu;61;la Sagrera;Usat. Milers d'euros;225.5
2022;3;9;Sant Andreu;62;el Congrés i els Indians;Usat. Milers d'euros;--
2022;3;9;Sant Andreu;63;Navas;Usat. Milers d'euros;233.9
2022;3;10;Sant Martí;64;el Camp de l'Arpa del Clot;Usat. Milers d'euros;290.7
2022;3;10;Sant Martí;65;el Clot;Usat. Milers d'euros;282.0
2022;3;10;Sant Martí;66;el Parc i la Llacuna del Poblenou;Usat. Milers d'euros;279.3
2022;3;10;Sant Martí;67;la Vila Olímpica del Poblenou;Usat. Milers d'euros;640.4
2022;3;10;Sant Martí;68;el Poblenou;Usat. Milers d'euros;335.7
2022;3;10;Sant Martí;69;Diagonal Mar i el Front Marítim del Poblenou;Usat. Milers d'euros;586.3
2022;3;10;Sant Martí;70;el Besòs i el Maresme;Usat. Milers d'euros;292.1
2022;3;10;Sant Martí;71;Provençals del Poblenou;Usat. Milers d'euros;310.8
2022;3;10;Sant Martí;72;Sant Martí de Provençals;Usat. Milers d'euros;203.6
2022;3;10;Sant Martí;73;la Verneda i la Pau;Usat. Milers d'euros;172.6
2022;3;1;Ciutat Vella;1;el Raval;Total. Euros/m2 construït;3222.4
2022;3;1;Ciutat Vella;2;el Barri Gòtic;Total. Euros/m2 construït;4519.5
2022;3;1;Ciutat Vella;3;la Barceloneta;Total. Euros/m2 construït;4921.7
2022;3;1;Ciutat Vella;4;Sant Pere, Santa Caterina i la Ribera;Total. Euros/m2 construït;4175.7
2022;3;2;Eixample;5;el Fort Pienc;Total. Euros/m2 construït;4339.1
2022;3;2;Eixample;6;la Sagrada Família;Total. Euros/m2 construït;4233.2
2022;3;2;Eixample;7;la Dreta de l'Eixample;Total. Euros/m2 construït;6255.8
2022;3;2;Eixample;8;l'Antiga Esquerra de l'Eixample;Total. Euros/m2 construït;5268.3
2022;3;2;Eixample;9;la Nova Esquerra de l'Eixample;Total. Euros/m2 construït;4762.6
2022;3;2;Eixample;10;Sant Antoni;Total. Euros/m2 construït;4325.7
2022;3;3;Sants-Montjuïc;11;el Poble Sec;Total. Euros/m2 construït;3612.9
2022;3;3;Sants-Montjuïc;12;la Marina del Prat Vermell;Total. Euros/m2 construït;476.5
2022;3;3;Sants-Montjuïc;13;la Marina de Port;Total. Euros/m2 construït;3252.6
2022;3;3;Sants-Montjuïc;14;la Font de la Guatlla;Total. Euros/m2 construït;2814.6
2022;3;3;Sants-Montjuïc;15;Hostafrancs;Total. Euros/m2 construït;3754.2
2022;3;3;Sants-Montjuïc;16;la Bordeta;Total. Euros/m2 construït;2241.9
2022;3;3;Sants-Montjuïc;17;Sants - Badal;Total. Euros/m2 construït;3560.9
2022;3;3;Sants-Montjuïc;18;Sants;Total. Euros/m2 construït;4014.2
2022;3;4;Les Corts;19;les Corts;Total. Euros/m2 construït;4916.4
2022;3;4;Les Corts;20;la Maternitat i Sant Ramon;Total. Euros/m2 construït;4424.5
2022;3;4;Les Corts;21;Pedralbes;Total. Euros/m2 construït;5989.7
2022;3;5;Sarrià-Sant Gervasi;22;Vallvidrera, el Tibidabo i les Planes;Total. Euros/m2 construït;3603.1
2022;3;5;Sarrià-Sant Gervasi;23;Sarrià;Total. Euros/m2 construït;6305.9
2022;3;5;Sarrià-Sant Gervasi;24;les Tres Torres;Total. Euros/m2 construït;7084.6
2022;3;5;Sarrià-Sant Gervasi;25;Sant Gervasi - la Bonanova;Total. Euros/m2 construït;6532.5
2022;3;5;Sarrià-Sant Gervasi;26;Sant Gervasi - Galvany;Total. Euros/m2 construït;6671.1
2022;3;5;Sarrià-Sant Gervasi;27;el Putxet i el Farró;Total. Euros/m2 construït;5683.5
2022;3;6;Gràcia;28;Vallcarca i els Penitents;Total. Euros/m2 construït;4908.4
2022;3;6;Gràcia;29;el Coll;Total. Euros/m2 construït;3986.0
2022;3;6;Gràcia;30;la Salut;Total. Euros/m2 construït;4668.7
2022;3;6;Gràcia;31;la Vila de Gràcia;Total. Euros/m2 construït;4747.0
2022;3;6;Gràcia;32;el Camp d'en Grassot i Gràcia Nova;Total. Euros/m2 construït;4642.7
2022;3;7;Horta-Guinardó;33;el Baix Guinardó;Total. Euros/m2 construït;3587.4
2022;3;7;Horta-Guinardó;34;Can Baró;Total. Euros/m2 construït;3070.5
2022;3;7;Horta-Guinardó;35;el Guinardó;Total. Euros/m2 construït;3574.7
2022;3;7;Horta-Guinardó;36;la Font d'en Fargues;Total. Euros/m2 construït;3442.3
2022;3;7;Horta-Guinardó;37;el Carmel;Total. Euros/m2 construït;2881.7
2022;3;7;Horta-Guinardó;38;la Teixonera;Total. Euros/m2 construït;3289.9
2022;3;7;Horta-Guinardó;39;Sant Genís dels Agudells;Total. Euros/m2 construït;2987.5
2022;3;7;Horta-Guinardó;40;Montbau;Total. Euros/m2 construït;2914.3
2022;3;7;Horta-Guinardó;41;la Vall d'Hebron;Total. Euros/m2 construït;4835.4
2022;3;7;Horta-Guinardó;42;la Clota;Total. Euros/m2 construït;2210.5
2022;3;7;Horta-Guinardó;43;Horta;Total. Euros/m2 construït;4215.2
2022;3;8;Nou Barris;44;Vilapicina i la Torre Llobeta;Total. Euros/m2 construït;3034.8
2022;3;8;Nou Barris;45;Porta;Total. Euros/m2 construït;2801.5
2022;3;8;Nou Barris;46;el Turó de la Peira;Total. Euros/m2 construït;2327.6
2022;3;8;Nou Barris;47;Can Peguera;Total. Euros/m2 construït;--
2022;3;8;Nou Barris;48;la Guineueta;Total. Euros/m2 construït;2846.8
2022;3;8;Nou Barris;49;Canyelles;Total. Euros/m2 construït;2611.8
2022;3;8;Nou Barris;50;les Roquetes;Total. Euros/m2 construït;2238.1
2022;3;8;Nou Barris;51;Verdun;Total. Euros/m2 construït;2560.9
2022;3;8;Nou Barris;52;la Prosperitat;Total. Euros/m2 construït;2685.3
2022;3;8;Nou Barris;53;la Trinitat Nova;Total. Euros/m2 construït;1981.5
2022;3;8;Nou Barris;54;Torre Baró;Total. Euros/m2 construït;2377.1
2022;3;8;Nou Barris;55;Ciutat Meridiana;Total. Euros/m2 construït;2020.4
2022;3;8;Nou Barris;56;Vallbona;Total. Euros/m2 construït;--
2022;3;9;Sant Andreu;57;la Trinitat Vella;Total. Euros/m2 construït;1609.1
2022;3;9;Sant Andreu;58;Baró de Viver;Total. Euros/m2 construït;--
2022;3;9;Sant Andreu;59;el Bon Pastor;Total. Euros/m2 construït;2417.6
2022;3;9;Sant Andreu;60;Sant Andreu;Total. Euros/m2 construït;3495.3
2022;3;9;Sant Andreu;61;la Sagrera;Total. Euros/m2 construït;3440.6
2022;3;9;Sant Andreu;62;el Congrés i els Indians;Total. Euros/m2 construït;--
2022;3;9;Sant Andreu;63;Navas;Total. Euros/m2 construït;3006.1
2022;3;10;Sant Martí;64;el Camp de l'Arpa del Clot;Total. Euros/m2 construït;3847.1
2022;3;10;Sant Martí;65;el Clot;Total. Euros/m2 construït;3948.6
2022;3;10;Sant Martí;66;el Parc i la Llacuna del Poblenou;Total. Euros/m2 construït;5395.4
2022;3;10;Sant Martí;67;la Vila Olímpica del Poblenou;Total. Euros/m2 construït;5826.5
2022;3;10;Sant Martí;68;el Poblenou;Total. Euros/m2 construït;4813.8
2022;3;10;Sant Martí;69;Diagonal Mar i el Front Marítim del Poblenou;Total. Euros/m2 construït;6204.5
2022;3;10;Sant Martí;70;el Besòs i el Maresme;Total. Euros/m2 construït;3264.6
2022;3;10;Sant Martí;71;Provençals del Poblenou;Total. Euros/m2 construït;3829.9
2022;3;10;Sant Martí;72;Sant Martí de Provençals;Total. Euros/m2 construït;2930.3
2022;3;10;Sant Martí;73;la Verneda i la Pau;Total. Euros/m2 construït;2456.7
2022;3;1;Ciutat Vella;1;el Raval;Nou. Euros/m2 construït;--
2022;3;1;Ciutat Vella;2;el Barri Gòtic;Nou. Euros/m2 construït;5550.5
2022;3;1;Ciutat Vella;3;la Barceloneta;Nou. Euros/m2 construït;--
2022;3;1;Ciutat Vella;4;Sant Pere, Santa Caterina i la Ribera;Nou. Euros/m2 construït;--
2022;3;2;Eixample;5;el Fort Pienc;Nou. Euros/m2 construït;--
2022;3;2;Eixample;6;la Sagrada Família;Nou. Euros/m2 construït;--
2022;3;2;Eixample;7;la Dreta de l'Eixample;Nou. Euros/m2 construït;7719.3
2022;3;2;Eixample;8;l'Antiga Esquerra de l'Eixample;Nou. Euros/m2 construït;7666.2
2022;3;2;Eixample;9;la Nova Esquerra de l'Eixample;Nou. Euros/m2 construït;4667.6
2022;3;2;Eixample;10;Sant Antoni;Nou. Euros/m2 construït;--
2022;3;3;Sants-Montjuïc;11;el Poble Sec;Nou. Euros/m2 construït;--
2022;3;3;Sants-Montjuïc;12;la Marina del Prat Vermell;Nou. Euros/m2 construït;--
2022;3;3;Sants-Montjuïc;13;la Marina de Port;Nou. Euros/m2 construït;2946.7
2022;3;3;Sants-Montjuïc;14;la Font de la Guatlla;Nou. Euros/m2 construït;2756.0
2022;3;3;Sants-Montjuïc;15;Hostafrancs;Nou. Euros/m2 construït;4016.5
2022;3;3;Sants-Montjuïc;16;la Bordeta;Nou. Euros/m2 construït;--
2022;3;3;Sants-Montjuïc;17;Sants - Badal;Nou. Euros/m2 construït;--
2022;3;3;Sants-Montjuïc;18;Sants;Nou. Euros/m2 construït;--
2022;3;4;Les Corts;19;les Corts;Nou. Euros/m2 construït;8250.8
2022;3;4;Les Corts;20;la Maternitat i Sant Ramon;Nou. Euros/m2 construït;--
2022;3;4;Les Corts;21;Pedralbes;Nou. Euros/m2 construït;5730.5
2022;3;5;Sarrià-Sant Gervasi;22;Vallvidrera, el Tibidabo i les Planes;Nou. Euros/m2 construït;--
2022;3;5;Sarrià-Sant Gervasi;23;Sarrià;Nou. Euros/m2 construït;5683.5
2022;3;5;Sarrià-Sant Gervasi;24;les Tres Torres;Nou. Euros/m2 construït;4722.6
2022;3;5;Sarrià-Sant Gervasi;25;Sant Gervasi - la Bonanova;Nou. Euros/m2 construït;6408.7
2022;3;5;Sarrià-Sant Gervasi;26;Sant Gervasi - Galvany;Nou. Euros/m2 construït;6474.1
2022;3;5;Sarrià-Sant Gervasi;27;el Putxet i el Farró;Nou. Euros/m2 construït;3365.7
2022;3;6;Gràcia;28;Vallcarca i els Penitents;Nou. Euros/m2 construït;6897.4
2022;3;6;Gràcia;29;el Coll;Nou. Euros/m2 construït;5268.2
2022;3;6;Gràcia;30;la Salut;Nou. Euros/m2 construït;--
2022;3;6;Gràcia;31;la Vila de Gràcia;Nou. Euros/m2 construït;2859.2
2022;3;6;Gràcia;32;el Camp d'en Grassot i Gràcia Nova;Nou. Euros/m2 construït;--
2022;3;7;Horta-Guinardó;33;el Baix Guinardó;Nou. Euros/m2 construït;2753.0
2022;3;7;Horta-Guinardó;34;Can Baró;Nou. Euros/m2 construït;--
2022;3;7;Horta-Guinardó;35;el Guinardó;Nou. Euros/m2 construït;4728.2
2022;3;7;Horta-Guinardó;36;la Font d'en Fargues;Nou. Euros/m2 construït;--
2022;3;7;Horta-Guinardó;37;el Carmel;Nou. Euros/m2 construït;2915.4
2022;3;7;Horta-Guinardó;38;la Teixonera;Nou. Euros/m2 construït;4380.2
2022;3;7;Horta-Guinardó;39;Sant Genís dels Agudells;Nou. Euros/m2 construït;--
2022;3;7;Horta-Guinardó;40;Montbau;Nou. Euros/m2 construït;--
2022;3;7;Horta-Guinardó;41;la Vall d'Hebron;Nou. Euros/m2 construït;--
2022;3;7;Horta-Guinardó;42;la Clota;Nou. Euros/m2 construït;--
2022;3;7;Horta-Guinardó;43;Horta;Nou. Euros/m2 construït;4781.4
2022;3;8;Nou Barris;44;Vilapicina i la Torre Llobeta;Nou. Euros/m2 construït;--
2022;3;8;Nou Barris;45;Porta;Nou. Euros/m2 construït;2416.9
2022;3;8;Nou Barris;46;el Turó de la Peira;Nou. Euros/m2 construït;--
2022;3;8;Nou Barris;47;Can Peguera;Nou. Euros/m2 construït;--
2022;3;8;Nou Barris;48;la Guineueta;Nou. Euros/m2 construït;--
2022;3;8;Nou Barris;49;Canyelles;Nou. Euros/m2 construït;--
2022;3;8;Nou Barris;50;les Roquetes;Nou. Euros/m2 construït;--
2022;3;8;Nou Barris;51;Verdun;Nou. Euros/m2 construït;--
2022;3;8;Nou Barris;52;la Prosperitat;Nou. Euros/m2 construït;--
2022;3;8;Nou Barris;53;la Trinitat Nova;Nou. Euros/m2 construït;--
2022;3;8;Nou Barris;54;Torre Baró;Nou. Euros/m2 construït;--
2022;3;8;Nou Barris;55;Ciutat Meridiana;Nou. Euros/m2 construït;--
2022;3;8;Nou Barris;56;Vallbona;Nou. Euros/m2 construït;--
2022;3;9;Sant Andreu;57;la Trinitat Vella;Nou. Euros/m2 construït;--
2022;3;9;Sant Andreu;58;Baró de Viver;Nou. Euros/m2 construït;--
2022;3;9;Sant Andreu;59;el Bon Pastor;Nou. Euros/m2 construït;--
2022;3;9;Sant Andreu;60;Sant Andreu;Nou. Euros/m2 construït;--
2022;3;9;Sant Andreu;61;la Sagrera;Nou. Euros/m2 construït;--
2022;3;9;Sant Andreu;62;el Congrés i els Indians;Nou. Euros/m2 construït;--
2022;3;9;Sant Andreu;63;Navas;Nou. Euros/m2 construït;--
2022;3;10;Sant Martí;64;el Camp de l'Arpa del Clot;Nou. Euros/m2 construït;--
2022;3;10;Sant Martí;65;el Clot;Nou. Euros/m2 construït;--
2022;3;10;Sant Martí;66;el Parc i la Llacuna del Poblenou;Nou. Euros/m2 construït;6058.7
2022;3;10;Sant Martí;67;la Vila Olímpica del Poblenou;Nou. Euros/m2 construït;--
2022;3;10;Sant Martí;68;el Poblenou;Nou. Euros/m2 construït;5479.6
2022;3;10;Sant Martí;69;Diagonal Mar i el Front Marítim del Poblenou;Nou. Euros/m2 construït;4221.3
2022;3;10;Sant Martí;70;el Besòs i el Maresme;Nou. Euros/m2 construït;3920.5
2022;3;10;Sant Martí;71;Provençals del Poblenou;Nou. Euros/m2 construït;2585.7
2022;3;10;Sant Martí;72;Sant Martí de Provençals;Nou. Euros/m2 construït;--
2022;3;10;Sant Martí;73;la Verneda i la Pau;Nou. Euros/m2 construït;--
2022;3;1;Ciutat Vella;1;el Raval;Usat. Euros/m2 construït;3222.4
2022;3;1;Ciutat Vella;2;el Barri Gòtic;Usat. Euros/m2 construït;4129.4
2022;3;1;Ciutat Vella;3;la Barceloneta;Usat. Euros/m2 construït;4910.2
2022;3;1;Ciutat Vella;4;Sant Pere, Santa Caterina i la Ribera;Usat. Euros/m2 construït;4170.7
2022;3;2;Eixample;5;el Fort Pienc;Usat. Euros/m2 construït;4339.1
2022;3;2;Eixample;6;la Sagrada Família;Usat. Euros/m2 construït;4221.5
2022;3;2;Eixample;7;la Dreta de l'Eixample;Usat. Euros/m2 construït;5839.5
2022;3;2;Eixample;8;l'Antiga Esquerra de l'Eixample;Usat. Euros/m2 construït;5025.8
2022;3;2;Eixample;9;la Nova Esquerra de l'Eixample;Usat. Euros/m2 construït;4775.2
2022;3;2;Eixample;10;Sant Antoni;Usat. Euros/m2 construït;4317.0
2022;3;3;Sants-Montjuïc;11;el Poble Sec;Usat. Euros/m2 construït;3612.9
2022;3;3;Sants-Montjuïc;12;la Marina del Prat Vermell;Usat. Euros/m2 construït;476.5
2022;3;3;Sants-Montjuïc;13;la Marina de Port;Usat. Euros/m2 construït;3283.2
2022;3;3;Sants-Montjuïc;14;la Font de la Guatlla;Usat. Euros/m2 construït;2858.5
2022;3;3;Sants-Montjuïc;15;Hostafrancs;Usat. Euros/m2 construït;3677.7
2022;3;3;Sants-Montjuïc;16;la Bordeta;Usat. Euros/m2 construït;2241.9
2022;3;3;Sants-Montjuïc;17;Sants - Badal;Usat. Euros/m2 construït;3560.9
2022;3;3;Sants-Montjuïc;18;Sants;Usat. Euros/m2 construït;4031.7
2022;3;4;Les Corts;19;les Corts;Usat. Euros/m2 construït;4638.6
2022;3;4;Les Corts;20;la Maternitat i Sant Ramon;Usat. Euros/m2 construït;4424.5
2022;3;4;Les Corts;21;Pedralbes;Usat. Euros/m2 construït;6028.1
2022;3;5;Sarrià-Sant Gervasi;22;Vallvidrera, el Tibidabo i les Planes;Usat. Euros/m2 construït;3914.3
2022;3;5;Sarrià-Sant Gervasi;23;Sarrià;Usat. Euros/m2 construït;6373.5
2022;3;5;Sarrià-Sant Gervasi;24;les Tres Torres;Usat. Euros/m2 construït;7306.0
2022;3;5;Sarrià-Sant Gervasi;25;Sant Gervasi - la Bonanova;Usat. Euros/m2 construït;6558.2
2022;3;5;Sarrià-Sant Gervasi;26;Sant Gervasi - Galvany;Usat. Euros/m2 construït;6709.6
2022;3;5;Sarrià-Sant Gervasi;27;el Putxet i el Farró;Usat. Euros/m2 construït;5792.1
2022;3;6;Gràcia;28;Vallcarca i els Penitents;Usat. Euros/m2 construït;4674.4
2022;3;6;Gràcia;29;el Coll;Usat. Euros/m2 construït;3591.5
2022;3;6;Gràcia;30;la Salut;Usat. Euros/m2 construït;4532.4
2022;3;6;Gràcia;31;la Vila de Gràcia;Usat. Euros/m2 construït;5090.2
2022;3;6;Gràcia;32;el Camp d'en Grassot i Gràcia Nova;Usat. Euros/m2 construït;4642.7
2022;3;7;Horta-Guinardó;33;el Baix Guinardó;Usat. Euros/m2 construït;3691.7
2022;3;7;Horta-Guinardó;34;Can Baró;Usat. Euros/m2 construït;3070.5
2022;3;7;Horta-Guinardó;35;el Guinardó;Usat. Euros/m2 construït;3520.4
2022;3;7;Horta-Guinardó;36;la Font d'en Fargues;Usat. Euros/m2 construït;3194.4
2022;3;7;Horta-Guinardó;37;el Carmel;Usat. Euros/m2 construït;2869.3
2022;3;7;Horta-Guinardó;38;la Teixonera;Usat. Euros/m2 construït;2853.8
2022;3;7;Horta-Guinardó;39;Sant Genís dels Agudells;Usat. Euros/m2 construït;3126.5
2022;3;7;Horta-Guinardó;40;Montbau;Usat. Euros/m2 construït;2996.8
2022;3;7;Horta-Guinardó;41;la Vall d'Hebron;Usat. Euros/m2 construït;4970.2
2022;3;7;Horta-Guinardó;42;la Clota;Usat. Euros/m2 construït;2210.5
2022;3;7;Horta-Guinardó;43;Horta;Usat. Euros/m2 construït;3854.9
2022;3;8;Nou Barris;44;Vilapicina i la Torre Llobeta;Usat. Euros/m2 construït;3009.3
2022;3;8;Nou Barris;45;Porta;Usat. Euros/m2 construït;2911.4
2022;3;8;Nou Barris;46;el Turó de la Peira;Usat. Euros/m2 construït;2215.7
2022;3;8;Nou Barris;47;Can Peguera;Usat. Euros/m2 construït;--
2022;3;8;Nou Barris;48;la Guineueta;Usat. Euros/m2 construït;2846.8
2022;3;8;Nou Barris;49;Canyelles;Usat. Euros/m2 construït;2611.8
2022;3;8;Nou Barris;50;les Roquetes;Usat. Euros/m2 construït;2238.1
2022;3;8;Nou Barris;51;Verdun;Usat. Euros/m2 construït;2560.9
2022;3;8;Nou Barris;52;la Prosperitat;Usat. Euros/m2 construït;2685.3
2022;3;8;Nou Barris;53;la Trinitat Nova;Usat. Euros/m2 construït;1981.5
2022;3;8;Nou Barris;54;Torre Baró;Usat. Euros/m2 construït;2377.1
2022;3;8;Nou Barris;55;Ciutat Meridiana;Usat. Euros/m2 construït;2020.4
2022;3;8;Nou Barris;56;Vallbona;Usat. Euros/m2 construït;--
2022;3;9;Sant Andreu;57;la Trinitat Vella;Usat. Euros/m2 construït;1609.1
2022;3;9;Sant Andreu;58;Baró de Viver;Usat. Euros/m2 construït;--
2022;3;9;Sant Andreu;59;el Bon Pastor;Usat. Euros/m2 construït;2417.6
2022;3;9;Sant Andreu;60;Sant Andreu;Usat. Euros/m2 construït;3520.3
2022;3;9;Sant Andreu;61;la Sagrera;Usat. Euros/m2 construït;3440.6
2022;3;9;Sant Andreu;62;el Congrés i els Indians;Usat. Euros/m2 construït;--
2022;3;9;Sant Andreu;63;Navas;Usat. Euros/m2 construït;3006.1
2022;3;10;Sant Martí;64;el Camp de l'Arpa del Clot;Usat. Euros/m2 construït;3833.6
2022;3;10;Sant Martí;65;el Clot;Usat. Euros/m2 construït;3948.6
2022;3;10;Sant Martí;66;el Parc i la Llacuna del Poblenou;Usat. Euros/m2 construït;3866.9
2022;3;10;Sant Martí;67;la Vila Olímpica del Poblenou;Usat. Euros/m2 construït;5726.4
2022;3;10;Sant Martí;68;el Poblenou;Usat. Euros/m2 construït;4649.8
2022;3;10;Sant Martí;69;Diagonal Mar i el Front Marítim del Poblenou;Usat. Euros/m2 construït;6396.4
2022;3;10;Sant Martí;70;el Besòs i el Maresme;Usat. Euros/m2 construït;3122.0
2022;3;10;Sant Martí;71;Provençals del Poblenou;Usat. Euros/m2 construït;4052.1
2022;3;10;Sant Martí;72;Sant Martí de Provençals;Usat. Euros/m2 construït;2930.3
2022;3;10;Sant Martí;73;la Verneda i la Pau;Usat. Euros/m2 construït;2456.7
